ID,QT_TOTAL_HIT_PAYWALL,DIASNAVEGADOS,NOTICIASLIDAS,VISITAS_CAPA,USOU_APP,PERFIL,PES_GENERO,PES_NASCIMENTO_DATA,ATR_PF_GEO_RENDA_FAM,IDADE
3321,0,0,0,0,NAO,ASSINANTE,F,1981-04-23,DE 4SM ATE 8SM,40.65
1459,1,23,0,362,SIM,ASSINANTE,M,2000-01-01,DE 3SM ATE 4SM,21.95
905,9,13,8,25,SIM,ASSINANTE,F,2000-01-01,ACIMA DE 25SM,21.95
1219,1,1,0,9,SIM,ASSINANTE,M,1977-08-16,DE 4SM ATE 8SM,44.34
2645,1,6,3,7,NAO,ASSINANTE,M,1967-10-28,DE 3SM ATE 4SM,54.15
842,11,16,10,0,NAO,ASSINANTE,M,1970-04-12,DE 4SM ATE 8SM,51.69
3474,0,0,0,0,NAO,ASSINANTE,F,2000-01-01,DE 4SM ATE 8SM,21.95
3218,0,0,0,0,NAO,ASSINANTE,M,2000-01-01,DE 4SM ATE 8SM,21.95
3081,4,4,0,20,SIM,ASSINANTE,M,2000-01-01,DE 3SM ATE 4SM,21.95
3561,24,49,0,295,SIM,ASSINANTE,M,2000-01-01,DE 8SM ATE 14SM,21.95
96,0,0,0,0,NAO,ASSINANTE,F,2000-01-01,DE 4SM ATE 8SM,21.95
174,0,6,2,0,NAO,ASSINANTE,F,2000-01-01,DE 3SM ATE 4SM,21.95
630,1,19,14,18,NAO,ASSINANTE,F,2000-01-01,DE 4SM ATE 8SM,21.95
1729,0,0,0,0,NAO,ASSINANTE,M,1989-08-07,DE 3SM ATE 4SM,32.36
2282,0,0,0,0,NAO,ASSINANTE,M,2000-01-01,DE 4SM ATE 8SM,21.95
961,0,0,0,0,NAO,ASSINANTE,M,2000-01-01,DE 4SM ATE 8SM,21.95
2135,0,0,0,0,NAO,ASSINANTE,M,2000-01-01,DE 8SM ATE 14SM,21.95
2619,0,2,0,7,SIM,ASSINANTE,M,2000-01-01,DE 4SM ATE 8SM,21.95
2713,14,37,51,54,SIM,ASSINANTE,M,2000-01-01,DE 3SM ATE 4SM,21.95
2621,0,0,0,0,NAO,ASSINANTE,F,1975-07-25,DE 8SM ATE 14SM,46.40
2617,0,0,0,0,NAO,ASSINANTE,F,2000-01-01,DE 4SM ATE 8SM,21.95
2469,0,0,0,0,NAO,ASSINANTE,M,2000-01-01,DE 4SM ATE 8SM,21.95
84,10,12,10,0,NAO,ASSINANTE,M,2000-01-01,DE 4SM ATE 8SM,21.95
1881,0,6,3,0,NAO,ASSINANTE,M,2000-01-01,DE 3SM ATE 4SM,21.95
1587,20,9,1,0,NAO,ASSINANTE,M,2000-01-01,DE 4SM ATE 8SM,21.95
101,0,0,0,0,NAO,ASSINANTE,F,2000-01-01,DE 3SM ATE 4SM,21.95
3781,0,0,0,0,NAO,ASSINANTE,M,2000-01-01,DE 14SM ATE 25SM,21.95
2231,4,17,13,0,NAO,ASSINANTE,M,2000-01-01,DE 3SM ATE 4SM,21.95
1283,0,0,0,0,NAO,ASSINANTE,F,2000-01-01,DE 3SM ATE 4SM,21.95
1076,0,0,0,0,NAO,ASSINANTE,F,2000-01-01,DE 8SM ATE 14SM,21.95
37,0,0,0,0,NAO,ASSINANTE,F,2000-01-01,DE 3SM ATE 4SM,21.95
9,6,51,177,0,NAO,ASSINANTE,M,1985-08-16,DE 8SM ATE 14SM,36.34
2276,69,29,32,109,NAO,ASSINANTE,M,2000-01-01,DE 8SM ATE 14SM,21.95
1509,0,53,129,488,SIM,ASSINANTE,M,2000-01-01,DE 4SM ATE 8SM,21.95
2125,0,0,0,0,NAO,ASSINANTE,M,2000-01-01,DE 8SM ATE 14SM,21.95
185,0,0,0,0,NAO,ASSINANTE,F,2000-01-01,DE 14SM ATE 25SM,21.95
2208,0,10,8,3,NAO,ASSINANTE,F,2000-01-01,DE 8SM ATE 14SM,21.95
2140,42,58,207,2,NAO,ASSINANTE,F,2000-01-01,DE 4SM ATE 8SM,21.95
2524,0,5,4,0,NAO,ASSINANTE,M,2000-01-01,DE 8SM ATE 14SM,21.95
1278,0,0,0,0,NAO,ASSINANTE,F,2000-01-01,DE 4SM ATE 8SM,21.95
2986,0,0,0,0,NAO,ASSINANTE,F,2000-01-01,DE 8SM ATE 14SM,21.95
554,0,0,0,0,NAO,ASSINANTE,F,2000-01-01,DE 14SM ATE 25SM,21.95
1966,0,0,0,0,NAO,ASSINANTE,F,2000-01-01,DE 3SM ATE 4SM,21.95
1605,20,12,0,16,SIM,ASSINANTE,M,1990-01-14,DE 4SM ATE 8SM,31.92
3157,17,40,0,194,SIM,ASSINANTE,M,2000-01-01,DE 8SM ATE 14SM,21.95
825,0,0,0,0,NAO,ASSINANTE,M,2000-01-01,DE 4SM ATE 8SM,21.95
160,30,33,16,61,SIM,ASSINANTE,F,2000-01-01,DE 8SM ATE 14SM,21.95
1908,10,11,5,0,NAO,ASSINANTE,M,2000-01-01,DE 4SM ATE 8SM,21.95
896,0,0,0,0,NAO,ASSINANTE,F,2000-01-01,DE 8SM ATE 14SM,21.95
608,44,33,10,151,SIM,ASSINANTE,M,1976-06-18,DE 3SM ATE 4SM,45.50
3435,0,16,5,84,SIM,ASSINANTE,M,1982-02-20,DE 14SM ATE 25SM,39.82
3350,0,0,0,0,NAO,ASSINANTE,M,2000-01-01,DE 4SM ATE 8SM,21.95
2295,50,59,117,708,SIM,ASSINANTE,M,2000-01-01,DE 3SM ATE 4SM,21.95
1869,19,13,1,44,NAO,ASSINANTE,M,2000-01-01,DE 8SM ATE 14SM,21.95
260,18,22,0,84,SIM,ASSINANTE,M,1984-07-23,DE 3SM ATE 4SM,37.40
3144,102,35,0,212,SIM,ASSINANTE,M,2000-01-01,DE 4SM ATE 8SM,21.95
949,36,35,203,92,SIM,ASSINANTE,M,2000-01-01,DE 4SM ATE 8SM,21.95
259,0,0,0,0,NAO,ASSINANTE,F,2000-01-01,DE 3SM ATE 4SM,21.95
3444,0,0,0,0,NAO,ASSINANTE,M,2000-01-01,DE 4SM ATE 8SM,21.95
858,20,48,324,126,SIM,ASSINANTE,M,1959-04-06,DE 14SM ATE 25SM,62.72
1268,0,0,0,0,NAO,ASSINANTE,F,2000-01-01,DE 8SM ATE 14SM,21.95
1393,0,8,0,0,NAO,ASSINANTE,M,2000-01-01,DE 3SM ATE 4SM,21.95
3719,0,0,0,0,NAO,ASSINANTE,F,2000-01-01,DE 4SM ATE 8SM,21.95
2083,4,39,47,88,NAO,ASSINANTE,M,2000-01-01,DE 8SM ATE 14SM,21.95
12,0,0,0,0,NAO,ASSINANTE,M,2000-01-01,DE 4SM ATE 8SM,21.95
1651,0,0,0,0,NAO,ASSINANTE,M,1964-11-02,DE 8SM ATE 14SM,57.14
479,0,0,0,0,NAO,ASSINANTE,F,2000-01-01,DE 4SM ATE 8SM,21.95
2943,0,0,0,0,NAO,ASSINANTE,M,2000-01-01,DE 8SM ATE 14SM,21.95
2473,9,18,10,0,NAO,ASSINANTE,F,2000-01-01,ACIMA DE 25SM,21.95
80,15,18,0,54,SIM,ASSINANTE,M,2000-01-01,DE 8SM ATE 14SM,21.95
2778,0,0,0,0,NAO,ASSINANTE,M,2000-01-01,DE 8SM ATE 14SM,21.95
2976,0,0,0,0,NAO,ASSINANTE,F,2000-01-01,DE 3SM ATE 4SM,21.95
1222,6,11,15,0,NAO,ASSINANTE,F,2000-01-01,DE 8SM ATE 14SM,21.95
3136,0,0,0,0,NAO,ASSINANTE,F,2000-01-01,DE 4SM ATE 8SM,21.95
521,0,5,0,16,SIM,ASSINANTE,M,1978-12-17,DE 4SM ATE 8SM,43.00
2431,48,30,21,1,NAO,ASSINANTE,M,2000-01-01,DE 8SM ATE 14SM,21.95
2804,2,1,2,0,NAO,ASSINANTE,M,2000-01-01,DE 4SM ATE 8SM,21.95
817,18,21,0,85,SIM,ASSINANTE,M,2000-01-01,DE 14SM ATE 25SM,21.95
1308,4,9,1,44,SIM,ASSINANTE,M,2000-01-01,DE 3SM ATE 4SM,21.95
1504,0,0,0,0,NAO,ASSINANTE,F,2000-01-01,DE 4SM ATE 8SM,21.95
3001,0,0,0,0,NAO,ASSINANTE,M,2000-01-01,DE 14SM ATE 25SM,21.95
2198,0,0,0,0,NAO,ASSINANTE,M,2000-01-01,DE 4SM ATE 8SM,21.95
2249,26,6,4,1,NAO,ASSINANTE,M,2000-01-01,DE 3SM ATE 4SM,21.95
2027,0,0,0,0,NAO,ASSINANTE,F,2000-01-01,DE 3SM ATE 4SM,21.95
2281,0,0,0,0,NAO,ASSINANTE,M,2000-01-01,DE 4SM ATE 8SM,21.95
3256,2,7,8,0,NAO,ASSINANTE,M,2000-01-01,DE 4SM ATE 8SM,21.95
3191,15,42,155,5,NAO,ASSINANTE,M,2000-01-01,DE 3SM ATE 4SM,21.95
3054,1,0,0,0,NAO,ASSINANTE,F,2000-01-01,DE 4SM ATE 8SM,21.95
2556,1,1,1,1,NAO,ASSINANTE,M,1970-01-27,DE 3SM ATE 4SM,51.90
129,6,3,6,2,NAO,ASSINANTE,M,2000-01-01,DE 3SM ATE 4SM,21.95
60,0,0,0,0,NAO,ASSINANTE,M,2000-01-01,DE 4SM ATE 8SM,21.95
212,0,0,0,0,NAO,ASSINANTE,M,2000-01-01,DE 8SM ATE 14SM,21.95
1396,17,25,0,111,SIM,ASSINANTE,M,2000-01-01,DE 3SM ATE 4SM,21.95
698,2,7,1,51,SIM,ASSINANTE,M,2000-01-01,DE 3SM ATE 4SM,21.95
513,6,9,8,0,NAO,ASSINANTE,M,2000-01-01,DE 3SM ATE 4SM,21.95
1523,21,41,43,0,NAO,ASSINANTE,M,2000-01-01,DE 8SM ATE 14SM,21.95
387,0,0,0,0,NAO,ASSINANTE,F,2000-01-01,DE 3SM ATE 4SM,21.95
2095,0,0,0,0,NAO,ASSINANTE,M,2000-01-01,DE 8SM ATE 14SM,21.95
2355,0,0,0,0,NAO,ASSINANTE,M,2000-01-01,DE 3SM ATE 4SM,21.95
1959,83,43,14,164,NAO,ASSINANTE,M,2000-01-01,DE 3SM ATE 4SM,21.95
1696,0,0,0,0,NAO,ASSINANTE,M,1958-08-13,DE 4SM ATE 8SM,63.36
680,0,19,7,0,NAO,ASSINANTE,M,2000-01-01,DE 3SM ATE 4SM,21.95
595,44,24,0,108,SIM,ASSINANTE,F,2000-01-01,DE 3SM ATE 4SM,21.95
2443,16,14,15,4,NAO,ASSINANTE,M,2000-01-01,DE 14SM ATE 25SM,21.95
2268,18,5,11,9,NAO,ASSINANTE,M,2000-01-01,DE 8SM ATE 14SM,21.95
390,5,11,0,77,SIM,ASSINANTE,M,2000-01-01,DE 14SM ATE 25SM,21.95
3581,52,31,20,0,NAO,ASSINANTE,F,2000-01-01,DE 8SM ATE 14SM,21.95
1426,9,46,0,275,SIM,ASSINANTE,M,2000-01-01,DE 4SM ATE 8SM,21.95
334,0,0,0,0,NAO,ASSINANTE,F,2000-01-01,DE 4SM ATE 8SM,21.95
1999,232,57,382,970,SIM,ASSINANTE,M,2000-01-01,DE 2SM ATE 3SM,21.95
740,12,0,0,0,NAO,ASSINANTE,F,2000-01-01,DE 3SM ATE 4SM,21.95
1077,4,0,0,0,NAO,ASSINANTE,M,2000-01-01,DE 8SM ATE 14SM,21.95
3008,0,0,0,0,NAO,ASSINANTE,M,2000-01-01,DE 4SM ATE 8SM,21.95
3051,0,0,0,0,NAO,ASSINANTE,F,2000-01-01,DE 4SM ATE 8SM,21.95
1844,20,58,286,0,NAO,ASSINANTE,F,1972-03-17,DE 3SM ATE 4SM,49.76
2771,0,0,0,0,NAO,ASSINANTE,M,2000-01-01,DE 3SM ATE 4SM,21.95
3134,0,0,0,0,NAO,ASSINANTE,F,2000-01-01,DE 14SM ATE 25SM,21.95
3128,0,0,0,0,NAO,ASSINANTE,M,2000-01-01,DE 3SM ATE 4SM,21.95
763,74,29,13,9,NAO,ASSINANTE,M,2000-01-01,DE 8SM ATE 14SM,21.95
3034,0,0,0,0,NAO,ASSINANTE,M,2000-01-01,DE 4SM ATE 8SM,21.95
3707,0,0,0,0,NAO,ASSINANTE,M,2000-01-01,DE 8SM ATE 14SM,21.95
2266,0,0,0,0,NAO,ASSINANTE,F,1977-11-25,DE 4SM ATE 8SM,44.06
583,0,0,0,0,NAO,ASSINANTE,M,2000-01-01,DE 4SM ATE 8SM,21.95
2212,23,25,11,42,NAO,ASSINANTE,M,2000-01-01,DE 3SM ATE 4SM,21.95
2294,1,4,4,0,NAO,ASSINANTE,M,2000-01-01,ACIMA DE 25SM,21.95
357,54,37,37,10,NAO,ASSINANTE,M,2000-01-01,DE 14SM ATE 25SM,21.95
2780,0,0,0,0,NAO,ASSINANTE,M,2000-01-01,DE 4SM ATE 8SM,21.95
2997,0,1,2,0,NAO,ASSINANTE,M,1985-06-05,DE 8SM ATE 14SM,36.53
3074,0,14,6,1,NAO,ASSINANTE,M,2000-01-01,DE 3SM ATE 4SM,21.95
3148,3,4,3,0,NAO,ASSINANTE,M,1976-05-14,DE 3SM ATE 4SM,45.60
3442,0,0,0,0,NAO,ASSINANTE,F,2000-01-01,DE 8SM ATE 14SM,21.95
1255,0,32,11,0,NAO,ASSINANTE,M,2000-01-01,DE 4SM ATE 8SM,21.95
828,0,0,0,0,NAO,ASSINANTE,M,1989-06-09,DE 4SM ATE 8SM,32.52
1143,0,6,9,2,NAO,ASSINANTE,F,2000-01-01,DE 8SM ATE 14SM,21.95
2776,0,0,0,0,NAO,ASSINANTE,F,2000-01-01,DE 8SM ATE 14SM,21.95
3665,0,1,1,0,NAO,ASSINANTE,M,2000-01-01,DE 3SM ATE 4SM,21.95
820,0,32,71,35,SIM,ASSINANTE,M,2000-01-01,DE 8SM ATE 14SM,21.95
3440,0,0,0,0,NAO,ASSINANTE,F,2000-01-01,DE 8SM ATE 14SM,21.95
3552,3,4,4,0,NAO,ASSINANTE,M,1996-04-03,DE 8SM ATE 14SM,25.70
1140,0,0,0,0,NAO,ASSINANTE,F,2000-01-01,DE 8SM ATE 14SM,21.95
3533,0,0,0,0,NAO,ASSINANTE,M,2000-01-01,DE 8SM ATE 14SM,21.95
433,0,2,3,0,NAO,ASSINANTE,M,2000-01-01,DE 4SM ATE 8SM,21.95
3423,0,0,0,0,NAO,ASSINANTE,F,2000-01-01,DE 4SM ATE 8SM,21.95
550,1,54,6,499,SIM,ASSINANTE,M,2000-01-01,DE 8SM ATE 14SM,21.95
3424,1,4,1,6,SIM,ASSINANTE,M,2000-01-01,DE 14SM ATE 25SM,21.95
803,3,12,14,5,NAO,ASSINANTE,M,2000-01-01,DE 3SM ATE 4SM,21.95
2497,0,0,0,0,NAO,ASSINANTE,M,2000-01-01,DE 4SM ATE 8SM,21.95
3163,18,4,3,12,SIM,ASSINANTE,M,2000-01-01,DE 3SM ATE 4SM,21.95
1375,0,0,0,0,NAO,ASSINANTE,F,2000-01-01,DE 14SM ATE 25SM,21.95
1805,0,6,5,0,NAO,ASSINANTE,F,2000-01-01,DE 4SM ATE 8SM,21.95
145,296,52,0,543,SIM,ASSINANTE,M,2000-01-01,DE 8SM ATE 14SM,21.95
2677,0,0,0,0,NAO,ASSINANTE,M,2000-01-01,DE 4SM ATE 8SM,21.95
2400,0,0,0,0,NAO,ASSINANTE,M,2000-01-01,DE 8SM ATE 14SM,21.95
1233,0,0,0,0,NAO,ASSINANTE,M,1985-12-31,DE 3SM ATE 4SM,35.96
1914,0,0,0,0,NAO,ASSINANTE,M,2000-01-01,DE 4SM ATE 8SM,21.95
95,4,0,0,0,NAO,ASSINANTE,M,2000-01-01,DE 3SM ATE 4SM,21.95
2165,9,58,191,3,NAO,ASSINANTE,F,1988-05-29,DE 8SM ATE 14SM,33.55
135,25,35,0,153,SIM,ASSINANTE,M,2000-01-01,DE 3SM ATE 4SM,21.95
3681,0,10,1,0,NAO,ASSINANTE,F,2000-01-01,DE 3SM ATE 4SM,21.95
1930,6,6,9,0,NAO,ASSINANTE,M,2000-01-01,DE 3SM ATE 4SM,21.95
1527,0,0,0,0,NAO,ASSINANTE,M,2000-01-01,DE 2SM ATE 3SM,21.95
2546,0,0,0,0,NAO,ASSINANTE,M,2000-01-01,DE 3SM ATE 4SM,21.95
2424,0,0,0,0,NAO,ASSINANTE,F,2000-01-01,DE 3SM ATE 4SM,21.95
1416,0,4,4,0,NAO,ASSINANTE,M,2000-01-01,DE 8SM ATE 14SM,21.95
1944,1,1,0,12,SIM,ASSINANTE,M,1992-10-29,DE 14SM ATE 25SM,29.13
1803,17,46,12,130,SIM,ASSINANTE,M,2000-01-01,DE 3SM ATE 4SM,21.95
2207,0,2,1,1,NAO,ASSINANTE,M,2000-01-01,DE 2SM ATE 3SM,21.95
271,12,27,19,18,SIM,ASSINANTE,M,2000-01-01,DE 4SM ATE 8SM,21.95
1566,0,0,0,0,NAO,ASSINANTE,M,2000-01-01,DE 4SM ATE 8SM,21.95
3253,0,0,0,0,NAO,ASSINANTE,M,2000-01-01,DE 3SM ATE 4SM,21.95
619,0,0,0,0,NAO,ASSINANTE,M,2000-01-01,DE 3SM ATE 4SM,21.95
1579,2,23,6,42,NAO,ASSINANTE,M,2000-01-01,DE 3SM ATE 4SM,21.95
2947,35,5,1,10,NAO,ASSINANTE,M,2000-01-01,DE 14SM ATE 25SM,21.95
159,0,0,0,0,NAO,ASSINANTE,M,2000-01-01,DE 8SM ATE 14SM,21.95
1195,0,0,0,0,NAO,ASSINANTE,M,2000-01-01,DE 14SM ATE 25SM,21.95
2688,15,18,15,0,NAO,ASSINANTE,F,2000-01-01,DE 4SM ATE 8SM,21.95
933,0,0,0,0,NAO,ASSINANTE,M,1990-10-06,DE 3SM ATE 4SM,31.19
34,0,0,0,0,NAO,ASSINANTE,F,2000-01-01,DE 3SM ATE 4SM,21.95
634,11,51,101,356,SIM,ASSINANTE,M,2000-01-01,DE 3SM ATE 4SM,21.95
2722,0,0,0,0,NAO,ASSINANTE,F,2000-01-01,DE 8SM ATE 14SM,21.95
3071,38,41,71,20,NAO,ASSINANTE,M,2000-01-01,DE 8SM ATE 14SM,21.95
417,22,26,25,103,SIM,ASSINANTE,M,2000-01-01,DE 4SM ATE 8SM,21.95
3182,14,4,3,25,SIM,ASSINANTE,F,2000-01-01,DE 4SM ATE 8SM,21.95
2478,0,0,0,0,NAO,ASSINANTE,F,2000-01-01,DE 8SM ATE 14SM,21.95
346,15,5,0,84,SIM,ASSINANTE,F,2000-01-01,DE 3SM ATE 4SM,21.95
2963,120,59,0,725,SIM,ASSINANTE,M,2000-01-01,DE 8SM ATE 14SM,21.95
485,126,58,387,61,SIM,ASSINANTE,M,2000-01-01,DE 3SM ATE 4SM,21.95
2745,0,4,3,0,NAO,ASSINANTE,M,2000-01-01,DE 3SM ATE 4SM,21.95
1316,16,19,38,0,NAO,ASSINANTE,M,2000-01-01,DE 8SM ATE 14SM,21.95
2791,0,0,0,0,NAO,ASSINANTE,M,2000-01-01,DE 3SM ATE 4SM,21.95
1624,0,0,0,0,NAO,ASSINANTE,F,2000-01-01,DE 4SM ATE 8SM,21.95
2480,2,6,0,24,SIM,ASSINANTE,M,1983-09-11,DE 3SM ATE 4SM,38.27
3494,36,20,2,32,SIM,ASSINANTE,M,2000-01-01,ACIMA DE 25SM,21.95
3672,0,0,0,0,NAO,ASSINANTE,F,2000-01-01,DE 3SM ATE 4SM,21.95
1062,0,0,0,0,NAO,ASSINANTE,M,2000-01-01,DE 14SM ATE 25SM,21.95
1989,2,32,18,96,SIM,ASSINANTE,M,2000-01-01,DE 3SM ATE 4SM,21.95
2503,0,0,0,0,NAO,ASSINANTE,F,1991-06-18,DE 8SM ATE 14SM,30.49
2303,26,3,0,55,SIM,ASSINANTE,M,2000-01-01,DE 3SM ATE 4SM,21.95
1706,5,13,0,41,SIM,ASSINANTE,F,2000-01-01,DE 4SM ATE 8SM,21.95
2870,0,0,0,0,NAO,ASSINANTE,M,2000-01-01,DE 3SM ATE 4SM,21.95
3064,0,52,318,533,SIM,ASSINANTE,M,2000-01-01,DE 8SM ATE 14SM,21.95
904,0,0,0,0,NAO,ASSINANTE,M,2000-01-01,DE 3SM ATE 4SM,21.95
1159,50,35,99,8,NAO,ASSINANTE,M,2000-01-01,DE 3SM ATE 4SM,21.95
2740,12,48,71,204,SIM,ASSINANTE,M,2000-01-01,DE 4SM ATE 8SM,21.95
3683,0,0,0,0,NAO,ASSINANTE,F,2000-01-01,DE 8SM ATE 14SM,21.95
1645,20,30,104,0,NAO,ASSINANTE,M,2000-01-01,DE 8SM ATE 14SM,21.95
3588,4,17,27,1,NAO,ASSINANTE,M,2000-01-01,DE 8SM ATE 14SM,21.95
1771,0,0,0,0,NAO,ASSINANTE,M,2000-01-01,DE 8SM ATE 14SM,21.95
1747,0,0,0,0,NAO,ASSINANTE,M,2000-01-01,DE 3SM ATE 4SM,21.95
332,18,7,0,46,SIM,ASSINANTE,M,2000-01-01,DE 3SM ATE 4SM,21.95
1882,20,11,12,3,NAO,ASSINANTE,M,2000-01-01,DE 8SM ATE 14SM,21.95
2568,0,0,0,0,NAO,ASSINANTE,F,2000-01-01,DE 8SM ATE 14SM,21.95
227,0,0,0,0,NAO,ASSINANTE,M,2000-01-01,DE 3SM ATE 4SM,21.95
3135,88,22,11,2,NAO,ASSINANTE,M,1983-10-04,DE 8SM ATE 14SM,38.20
1874,3,5,0,18,SIM,ASSINANTE,M,2000-01-01,DE 4SM ATE 8SM,21.95
1713,0,0,0,0,NAO,ASSINANTE,M,2000-01-01,DE 4SM ATE 8SM,21.95
1266,0,0,0,0,NAO,ASSINANTE,M,2000-01-01,DE 4SM ATE 8SM,21.95
2925,0,20,4,1,NAO,ASSINANTE,F,2000-01-01,DE 3SM ATE 4SM,21.95
1905,0,1,2,0,NAO,ASSINANTE,M,2000-01-01,DE 8SM ATE 14SM,21.95
785,0,0,0,0,NAO,ASSINANTE,M,2000-01-01,DE 4SM ATE 8SM,21.95
1906,53,60,289,495,SIM,ASSINANTE,M,1967-02-05,DE 3SM ATE 4SM,54.87
2274,39,16,4,0,NAO,ASSINANTE,F,2000-01-01,DE 4SM ATE 8SM,21.95
2634,0,5,5,0,NAO,ASSINANTE,M,2000-01-01,DE 8SM ATE 14SM,21.95
968,0,0,0,0,NAO,ASSINANTE,M,2000-01-01,DE 4SM ATE 8SM,21.95
1545,0,0,0,0,NAO,ASSINANTE,F,2000-01-01,DE 8SM ATE 14SM,21.95
1361,7,58,159,219,NAO,ASSINANTE,M,2000-01-01,DE 3SM ATE 4SM,21.95
851,0,0,0,0,NAO,ASSINANTE,M,2000-01-01,DE 3SM ATE 4SM,21.95
895,0,9,5,1,NAO,ASSINANTE,F,1982-08-13,DE 4SM ATE 8SM,39.35
171,6,20,30,2,SIM,ASSINANTE,F,2000-01-01,DE 8SM ATE 14SM,21.95
1250,0,0,0,0,NAO,ASSINANTE,M,1943-10-19,DE 14SM ATE 25SM,78.19
3621,0,0,0,0,NAO,ASSINANTE,M,2000-01-01,DE 4SM ATE 8SM,21.95
3753,16,0,0,0,NAO,ASSINANTE,M,2000-01-01,DE 3SM ATE 4SM,21.95
3557,1,4,9,0,NAO,ASSINANTE,F,2000-01-01,DE 8SM ATE 14SM,21.95
3370,92,38,27,8,SIM,ASSINANTE,M,1967-07-13,DE 3SM ATE 4SM,54.44
2322,0,0,0,0,NAO,ASSINANTE,M,2000-01-01,DE 4SM ATE 8SM,21.95
1971,0,0,0,0,NAO,ASSINANTE,M,2000-01-01,DE 3SM ATE 4SM,21.95
1365,0,1,1,0,NAO,ASSINANTE,M,2000-01-01,DE 3SM ATE 4SM,21.95
1112,3,0,0,0,NAO,ASSINANTE,M,2000-01-01,DE 4SM ATE 8SM,21.95
3124,0,0,0,0,NAO,ASSINANTE,M,2000-01-01,DE 4SM ATE 8SM,21.95
2935,30,11,14,0,NAO,ASSINANTE,M,2000-01-01,DE 3SM ATE 4SM,21.95
3447,0,5,5,0,NAO,ASSINANTE,M,2000-01-01,DE 3SM ATE 4SM,21.95
2593,0,0,0,0,NAO,ASSINANTE,F,2000-01-01,DE 3SM ATE 4SM,21.95
2016,2,11,14,3,NAO,ASSINANTE,M,2000-01-01,DE 3SM ATE 4SM,21.95
1184,0,0,0,0,NAO,ASSINANTE,F,1987-10-22,DE 8SM ATE 14SM,34.15
449,12,3,2,11,NAO,ASSINANTE,M,2000-01-01,DE 8SM ATE 14SM,21.95
2067,0,1,2,0,NAO,ASSINANTE,M,1942-01-09,DE 3SM ATE 4SM,79.97
182,3,2,5,0,NAO,ASSINANTE,M,1943-08-26,DE 8SM ATE 14SM,78.34
790,12,11,0,93,SIM,ASSINANTE,M,2000-01-01,DE 3SM ATE 4SM,21.95
1932,0,0,0,0,NAO,ASSINANTE,M,2000-01-01,DE 3SM ATE 4SM,21.95
3489,1,12,0,83,SIM,ASSINANTE,M,2000-01-01,DE 3SM ATE 4SM,21.95
2931,7,5,5,0,NAO,ASSINANTE,M,2000-01-01,DE 14SM ATE 25SM,21.95
2011,0,7,4,0,NAO,ASSINANTE,F,2000-01-01,DE 3SM ATE 4SM,21.95
3199,7,59,152,327,NAO,ASSINANTE,F,2000-01-01,DE 3SM ATE 4SM,21.95
667,4,1,0,13,SIM,ASSINANTE,F,2000-01-01,DE 4SM ATE 8SM,21.95
1876,0,0,0,0,NAO,ASSINANTE,M,2000-01-01,DE 3SM ATE 4SM,21.95
1668,0,3,5,0,NAO,ASSINANTE,F,2000-01-01,DE 3SM ATE 4SM,21.95
2949,4,38,135,0,NAO,ASSINANTE,M,2000-01-01,DE 3SM ATE 4SM,21.95
876,0,0,0,0,NAO,ASSINANTE,F,2000-01-01,DE 3SM ATE 4SM,21.95
3742,0,21,7,16,NAO,ASSINANTE,M,2000-01-01,DE 8SM ATE 14SM,21.95
2187,15,41,151,2,NAO,ASSINANTE,M,2000-01-01,DE 4SM ATE 8SM,21.95
3598,6,5,8,7,NAO,ASSINANTE,M,2000-01-01,DE 3SM ATE 4SM,21.95
919,30,34,130,210,SIM,ASSINANTE,M,2000-01-01,DE 4SM ATE 8SM,21.95
556,0,56,520,18,NAO,ASSINANTE,M,2000-01-01,DE 8SM ATE 14SM,21.95
3245,3,3,0,9,SIM,ASSINANTE,M,2000-01-01,ACIMA DE 25SM,21.95
2019,12,44,100,0,NAO,ASSINANTE,M,2000-01-01,DE 4SM ATE 8SM,21.95
2438,0,5,6,4,NAO,ASSINANTE,M,2000-01-01,DE 3SM ATE 4SM,21.95
1790,5,3,1,7,SIM,ASSINANTE,F,1981-07-31,ACIMA DE 25SM,40.38
3296,6,47,133,10,NAO,ASSINANTE,M,2000-01-01,DE 8SM ATE 14SM,21.95
112,0,0,0,0,NAO,ASSINANTE,F,2000-01-01,DE 4SM ATE 8SM,21.95
3261,0,4,0,34,SIM,ASSINANTE,M,2000-01-01,DE 3SM ATE 4SM,21.95
1638,0,0,0,0,NAO,ASSINANTE,M,2000-01-01,DE 4SM ATE 8SM,21.95
3471,14,24,0,85,SIM,ASSINANTE,M,2000-01-01,DE 4SM ATE 8SM,21.95
1897,0,0,0,0,NAO,ASSINANTE,M,2000-01-01,DE 8SM ATE 14SM,21.95
2344,0,0,0,0,NAO,ASSINANTE,M,2000-01-01,DE 8SM ATE 14SM,21.95
2756,0,0,0,0,NAO,ASSINANTE,M,2000-01-01,DE 3SM ATE 4SM,21.95
890,0,6,9,5,NAO,ASSINANTE,M,2000-01-01,DE 8SM ATE 14SM,21.95
297,12,1,0,11,SIM,ASSINANTE,M,2000-01-01,DE 8SM ATE 14SM,21.95
1754,10,50,268,6,NAO,ASSINANTE,M,2000-01-01,DE 8SM ATE 14SM,21.95
3551,0,38,7,66,NAO,ASSINANTE,M,2000-01-01,DE 8SM ATE 14SM,21.95
1408,0,0,0,0,NAO,ASSINANTE,M,2000-01-01,DE 3SM ATE 4SM,21.95
2018,3,40,0,274,SIM,ASSINANTE,M,2000-01-01,DE 4SM ATE 8SM,21.95
1524,0,0,0,0,NAO,ASSINANTE,F,2000-01-01,DE 3SM ATE 4SM,21.95
2639,0,0,0,0,NAO,ASSINANTE,M,2000-01-01,DE 8SM ATE 14SM,21.95
2172,4,40,85,26,SIM,ASSINANTE,M,2000-01-01,DE 14SM ATE 25SM,21.95
2317,0,0,0,0,NAO,ASSINANTE,M,2000-01-01,DE 3SM ATE 4SM,21.95
2468,0,0,0,0,NAO,ASSINANTE,M,2000-01-01,DE 4SM ATE 8SM,21.95
1717,0,0,0,0,NAO,ASSINANTE,M,2000-01-01,DE 4SM ATE 8SM,21.95
1024,0,0,0,0,NAO,ASSINANTE,M,2000-01-01,DE 4SM ATE 8SM,21.95
3023,0,16,0,40,SIM,ASSINANTE,M,2000-01-01,DE 8SM ATE 14SM,21.95
965,11,2,0,16,SIM,ASSINANTE,M,2000-01-01,DE 4SM ATE 8SM,21.95
1430,0,1,0,0,NAO,ASSINANTE,F,2000-01-01,DE 14SM ATE 25SM,21.95
2880,0,0,0,0,NAO,ASSINANTE,F,2000-01-01,DE 14SM ATE 25SM,21.95
1407,0,1,1,0,NAO,ASSINANTE,M,2000-01-01,DE 4SM ATE 8SM,21.95
3304,0,0,0,0,NAO,ASSINANTE,M,2000-01-01,ACIMA DE 25SM,21.95
2153,0,0,0,0,NAO,ASSINANTE,M,2000-01-01,DE 4SM ATE 8SM,21.95
1357,0,0,0,0,NAO,ASSINANTE,M,2000-01-01,DE 4SM ATE 8SM,21.95
1662,4,4,5,0,NAO,ASSINANTE,M,2000-01-01,DE 3SM ATE 4SM,21.95
2989,3,23,2,178,SIM,ASSINANTE,M,2000-01-01,DE 8SM ATE 14SM,21.95
3065,0,0,0,0,NAO,ASSINANTE,F,2000-01-01,DE 4SM ATE 8SM,21.95
405,32,18,0,102,SIM,ASSINANTE,M,2000-01-01,DE 4SM ATE 8SM,21.95
3567,7,56,410,1366,SIM,ASSINANTE,M,1974-05-24,DE 4SM ATE 8SM,47.57
3389,0,0,0,0,NAO,ASSINANTE,M,2000-01-01,ACIMA DE 25SM,21.95
2510,28,4,3,0,NAO,ASSINANTE,M,2000-01-01,DE 3SM ATE 4SM,21.95
1447,0,0,0,0,NAO,ASSINANTE,F,1992-10-17,DE 4SM ATE 8SM,29.16
2334,0,0,0,0,NAO,ASSINANTE,F,2000-01-01,DE 4SM ATE 8SM,21.95
2245,0,7,9,0,NAO,ASSINANTE,M,2000-01-01,ACIMA DE 25SM,21.95
198,0,2,4,3,NAO,ASSINANTE,M,2000-01-01,DE 8SM ATE 14SM,21.95
1741,0,3,3,6,NAO,ASSINANTE,M,2000-01-01,DE 14SM ATE 25SM,21.95
1935,21,32,61,0,NAO,ASSINANTE,F,2000-01-01,ACIMA DE 25SM,21.95
838,0,56,171,266,NAO,ASSINANTE,M,1963-11-30,DE 8SM ATE 14SM,58.06
3244,14,13,22,2,NAO,ASSINANTE,F,2000-01-01,DE 4SM ATE 8SM,21.95
482,46,20,31,7,NAO,ASSINANTE,M,1956-12-13,DE 4SM ATE 8SM,65.03
623,1,4,0,54,SIM,ASSINANTE,F,2000-01-01,DE 3SM ATE 4SM,21.95
728,0,0,0,0,NAO,ASSINANTE,M,2000-01-01,DE 4SM ATE 8SM,21.95
704,0,0,0,0,NAO,ASSINANTE,F,2000-01-01,DE 4SM ATE 8SM,21.95
3529,0,0,0,0,NAO,ASSINANTE,M,1976-11-21,DE 4SM ATE 8SM,45.07
2176,0,0,0,0,NAO,ASSINANTE,F,2000-01-01,DE 4SM ATE 8SM,21.95
2139,0,0,0,0,NAO,ASSINANTE,M,1976-01-06,DE 4SM ATE 8SM,45.95
3433,5,21,23,6,NAO,ASSINANTE,F,2000-01-01,DE 4SM ATE 8SM,21.95
2529,0,0,0,0,NAO,ASSINANTE,M,2000-01-01,DE 3SM ATE 4SM,21.95
3606,0,0,0,0,NAO,ASSINANTE,M,2000-01-01,DE 3SM ATE 4SM,21.95
2841,6,15,16,1,NAO,ASSINANTE,F,2000-01-01,DE 14SM ATE 25SM,21.95
3290,0,16,25,0,NAO,ASSINANTE,M,2000-01-01,DE 4SM ATE 8SM,21.95
2712,12,46,148,2,NAO,ASSINANTE,M,2000-01-01,DE 8SM ATE 14SM,21.95
2592,0,0,0,0,NAO,ASSINANTE,M,2000-01-01,DE 8SM ATE 14SM,21.95
1256,0,0,0,0,NAO,ASSINANTE,M,2000-01-01,DE 3SM ATE 4SM,21.95
1824,0,0,0,0,NAO,ASSINANTE,M,2000-01-01,DE 4SM ATE 8SM,21.95
1845,0,0,0,0,NAO,ASSINANTE,M,1980-04-22,DE 3SM ATE 4SM,41.66
2181,0,0,0,0,NAO,ASSINANTE,M,2000-01-01,ACIMA DE 25SM,21.95
1154,25,27,41,3,NAO,ASSINANTE,F,2000-01-01,DE 4SM ATE 8SM,21.95
436,0,0,0,0,NAO,ASSINANTE,F,2000-01-01,DE 4SM ATE 8SM,21.95
2222,0,0,0,0,NAO,ASSINANTE,M,2000-01-01,DE 4SM ATE 8SM,21.95
1831,0,12,6,15,NAO,ASSINANTE,M,1966-12-02,DE 2SM ATE 3SM,55.05
2948,0,0,0,0,NAO,ASSINANTE,M,1979-05-10,DE 8SM ATE 14SM,42.61
1035,0,11,8,0,NAO,ASSINANTE,F,2000-01-01,DE 3SM ATE 4SM,21.95
1020,14,60,524,908,SIM,ASSINANTE,F,2000-01-01,ACIMA DE 25SM,21.95
578,0,10,6,1,NAO,ASSINANTE,M,2000-01-01,DE 4SM ATE 8SM,21.95
1513,57,32,77,133,SIM,ASSINANTE,M,2000-01-01,DE 3SM ATE 4SM,21.95
1189,18,11,10,0,NAO,ASSINANTE,M,2000-01-01,DE 3SM ATE 4SM,21.95
3258,0,0,0,0,NAO,ASSINANTE,M,2000-01-01,DE 3SM ATE 4SM,21.95
1950,0,1,1,0,NAO,ASSINANTE,F,2000-01-01,DE 8SM ATE 14SM,21.95
3371,2,54,149,433,SIM,ASSINANTE,F,2000-01-01,DE 3SM ATE 4SM,21.95
734,3,13,26,5,NAO,ASSINANTE,M,1981-12-02,DE 4SM ATE 8SM,40.04
2053,0,0,0,0,NAO,ASSINANTE,M,2000-01-01,DE 3SM ATE 4SM,21.95
3698,23,11,1,76,SIM,ASSINANTE,M,2000-01-01,DE 4SM ATE 8SM,21.95
716,1,0,0,0,NAO,ASSINANTE,M,2000-01-01,DE 3SM ATE 4SM,21.95
1001,13,19,12,3,NAO,ASSINANTE,F,2000-01-01,DE 4SM ATE 8SM,21.95
213,1,0,0,0,NAO,ASSINANTE,M,2000-01-01,DE 3SM ATE 4SM,21.95
1626,15,44,39,304,SIM,ASSINANTE,M,2000-01-01,DE 8SM ATE 14SM,21.95
3118,33,23,36,14,NAO,ASSINANTE,M,2000-01-01,DE 3SM ATE 4SM,21.95
3448,8,2,0,6,SIM,ASSINANTE,F,1967-06-29,DE 4SM ATE 8SM,54.48
218,12,6,7,0,NAO,ASSINANTE,M,2000-01-01,DE 8SM ATE 14SM,21.95
292,9,0,0,0,NAO,ASSINANTE,M,1967-01-07,DE 4SM ATE 8SM,54.95
38,0,0,0,0,NAO,ASSINANTE,M,2000-01-01,DE 4SM ATE 8SM,21.95
646,0,0,0,0,NAO,ASSINANTE,F,2000-01-01,DE 3SM ATE 4SM,21.95
1074,32,57,146,304,SIM,ASSINANTE,M,2000-01-01,DE 8SM ATE 14SM,21.95
1053,17,18,22,0,NAO,ASSINANTE,M,2000-01-01,DE 3SM ATE 4SM,21.95
966,0,9,12,0,NAO,ASSINANTE,M,2000-01-01,DE 4SM ATE 8SM,21.95
2183,2,20,63,142,SIM,ASSINANTE,M,2000-01-01,DE 8SM ATE 14SM,21.95
3225,46,33,30,75,NAO,ASSINANTE,M,1988-01-23,DE 14SM ATE 25SM,33.90
1836,4,0,0,0,NAO,ASSINANTE,M,2000-01-01,DE 8SM ATE 14SM,21.95
861,0,0,0,0,NAO,ASSINANTE,M,2000-01-01,DE 4SM ATE 8SM,21.95
3114,0,0,0,0,NAO,ASSINANTE,F,1984-02-07,DE 3SM ATE 4SM,37.86
181,0,0,0,0,NAO,ASSINANTE,M,2000-01-01,DE 8SM ATE 14SM,21.95
932,0,0,0,0,NAO,ASSINANTE,M,1995-07-04,DE 4SM ATE 8SM,26.45
1521,0,0,0,0,NAO,ASSINANTE,M,2000-01-01,DE 4SM ATE 8SM,21.95
3360,96,59,0,446,SIM,ASSINANTE,M,2000-01-01,DE 3SM ATE 4SM,21.95
1895,0,0,0,0,NAO,ASSINANTE,M,2000-01-01,DE 4SM ATE 8SM,21.95
2902,0,15,21,39,NAO,ASSINANTE,M,2000-01-01,DE 4SM ATE 8SM,21.95
3151,33,17,1,78,SIM,ASSINANTE,M,2000-01-01,DE 3SM ATE 4SM,21.95
2956,2,3,0,24,SIM,ASSINANTE,F,2000-01-01,DE 4SM ATE 8SM,21.95
3472,0,0,0,0,NAO,ASSINANTE,M,2000-01-01,ACIMA DE 25SM,21.95
2849,0,1,1,0,NAO,ASSINANTE,F,2000-01-01,DE 3SM ATE 4SM,21.95
262517,0,1,0,1,NAO,PROSPECT,F,1951-03-17,DE 3SM ATE 4SM,70.78
369747,0,22,32,0,NAO,PROSPECT,F,1981-07-05,DE 8SM ATE 14SM,40.45
32099,46,21,9,4,NAO,PROSPECT,M,1973-10-26,DE 3SM ATE 4SM,48.15
124544,20,7,10,1,NAO,PROSPECT,M,1987-09-05,DE 3SM ATE 4SM,34.28
289172,0,4,4,1,NAO,PROSPECT,F,1991-06-12,DE 4SM ATE 8SM,30.51
118501,0,13,5,0,NAO,PROSPECT,M,1986-10-29,DE 4SM ATE 8SM,35.13
36788,0,28,30,66,NAO,PROSPECT,M,1942-05-28,DE 8SM ATE 14SM,79.58
221176,22,5,0,20,SIM,PROSPECT,F,1967-06-26,DE 8SM ATE 14SM,54.49
287384,0,27,39,6,NAO,PROSPECT,M,1952-09-29,DE 4SM ATE 8SM,69.24
302994,0,16,9,9,NAO,PROSPECT,M,1985-08-15,DE 8SM ATE 14SM,36.34
240582,0,3,1,4,NAO,PROSPECT,M,1981-08-21,ACIMA DE 25SM,40.32
349995,0,6,5,0,NAO,PROSPECT,F,1983-09-26,DE 3SM ATE 4SM,38.23
369380,0,1,1,0,NAO,PROSPECT,F,1976-02-16,DE 8SM ATE 14SM,45.84
118161,0,6,3,0,NAO,PROSPECT,M,1957-06-20,DE 8SM ATE 14SM,64.51
110210,0,3,3,0,NAO,PROSPECT,F,1988-12-23,DE 4SM ATE 8SM,32.98
261805,0,11,14,0,NAO,PROSPECT,F,1996-05-13,DE 3SM ATE 4SM,25.59
154350,0,1,1,0,NAO,PROSPECT,F,1983-06-06,DE 3SM ATE 4SM,38.53
236831,0,14,7,24,NAO,PROSPECT,M,1974-09-12,DE 3SM ATE 4SM,47.27
321586,6,11,9,0,NAO,PROSPECT,F,1963-10-23,DE 2SM ATE 3SM,58.17
228204,0,3,3,0,NAO,PROSPECT,F,1989-08-22,DE 14SM ATE 25SM,32.32
144984,63,41,15,6,NAO,PROSPECT,M,1973-11-08,DE 14SM ATE 25SM,48.11
59860,48,1,0,0,NAO,PROSPECT,M,1986-01-20,DE 4SM ATE 8SM,35.91
162115,0,7,7,0,NAO,PROSPECT,M,1990-12-19,DE 3SM ATE 4SM,30.99
247359,78,36,10,0,NAO,PROSPECT,M,1978-11-21,DE 4SM ATE 8SM,43.07
122220,0,60,522,5,NAO,PROSPECT,M,1981-11-16,DE 8SM ATE 14SM,40.09
266379,2,8,6,0,NAO,PROSPECT,M,1981-02-26,DE 3SM ATE 4SM,40.81
329645,18,20,3,34,SIM,PROSPECT,M,1984-07-16,DE 8SM ATE 14SM,37.42
82373,0,1,0,0,NAO,PROSPECT,F,1979-01-21,DE 8SM ATE 14SM,42.91
250785,2,37,64,2,NAO,PROSPECT,M,1974-05-13,DE 4SM ATE 8SM,47.60
88081,0,17,24,0,NAO,PROSPECT,M,1985-12-02,DE 3SM ATE 4SM,36.04
75235,0,22,17,17,NAO,PROSPECT,F,1985-04-26,DE 4SM ATE 8SM,36.64
179398,0,1,1,0,NAO,PROSPECT,M,1962-06-18,DE 4SM ATE 8SM,59.51
151062,19,23,8,12,SIM,PROSPECT,F,1982-11-05,DE 3SM ATE 4SM,39.12
174480,0,2,2,0,NAO,PROSPECT,F,1974-05-19,DE 3SM ATE 4SM,47.59
338336,48,47,0,69,SIM,PROSPECT,F,1960-12-28,DE 4SM ATE 8SM,60.98
100137,8,8,16,3,NAO,PROSPECT,F,1985-11-11,DE 3SM ATE 4SM,36.10
63535,0,6,2,0,NAO,PROSPECT,I,1967-04-24,DE 4SM ATE 8SM,54.66
8546,0,10,10,7,NAO,PROSPECT,M,1989-09-02,DE 3SM ATE 4SM,32.29
218146,0,2,2,0,NAO,PROSPECT,F,1985-09-14,DE 4SM ATE 8SM,36.26
248285,0,8,1,10,NAO,PROSPECT,F,1955-06-14,DE 14SM ATE 25SM,66.53
321236,16,15,2,39,SIM,PROSPECT,F,1978-07-27,DE 14SM ATE 25SM,43.40
47522,0,8,5,4,SIM,PROSPECT,F,2026-06-02,DE 8SM ATE 14SM,-4.49
324345,0,1,1,0,NAO,PROSPECT,F,1984-07-11,DE 4SM ATE 8SM,37.43
64130,0,6,3,0,NAO,PROSPECT,M,1967-01-04,DE 8SM ATE 14SM,54.96
203516,0,1,1,0,NAO,PROSPECT,F,1972-05-29,DE 3SM ATE 4SM,49.56
84171,0,15,22,0,NAO,PROSPECT,F,1979-05-22,DE 4SM ATE 8SM,42.58
112794,0,2,2,0,NAO,PROSPECT,M,1940-10-05,DE 8SM ATE 14SM,81.23
134135,1,2,1,0,NAO,PROSPECT,M,1983-05-30,DE 8SM ATE 14SM,38.55
353821,0,1,0,0,NAO,PROSPECT,M,1979-10-24,DE 4SM ATE 8SM,42.15
70748,0,5,1,3,NAO,PROSPECT,M,1988-03-06,DE 3SM ATE 4SM,33.78
230383,2,13,16,0,NAO,PROSPECT,F,1985-09-25,DE 8SM ATE 14SM,36.23
88708,2,2,4,0,NAO,PROSPECT,F,1983-07-17,DE 3SM ATE 4SM,38.42
148278,0,1,1,0,NAO,PROSPECT,F,1958-02-02,DE 4SM ATE 8SM,63.89
257502,72,39,49,3,NAO,PROSPECT,M,1979-05-28,DE 3SM ATE 4SM,42.56
250039,0,1,1,0,NAO,PROSPECT,F,1987-06-08,DE 4SM ATE 8SM,34.52
12948,0,5,4,0,NAO,PROSPECT,F,1982-09-04,DE 8SM ATE 14SM,39.29
138092,0,3,3,0,NAO,PROSPECT,M,1984-08-23,DE 8SM ATE 14SM,37.32
100645,0,21,17,62,SIM,PROSPECT,M,1955-11-01,DE 3SM ATE 4SM,66.15
358730,12,3,8,0,NAO,PROSPECT,F,1952-07-15,DE 8SM ATE 14SM,69.44
123406,1,7,0,10,SIM,PROSPECT,M,1982-11-14,ACIMA DE 25SM,39.09
136824,94,31,15,1,NAO,PROSPECT,M,1988-01-02,DE 4SM ATE 8SM,33.95
168369,0,33,104,0,NAO,PROSPECT,F,1994-08-04,DE 8SM ATE 14SM,27.36
368332,12,25,16,27,NAO,PROSPECT,M,1955-02-28,DE 3SM ATE 4SM,66.82
239958,0,3,3,0,NAO,PROSPECT,F,1994-03-24,DE 4SM ATE 8SM,27.73
271581,1,15,4,15,NAO,PROSPECT,M,1965-10-14,DE 8SM ATE 14SM,56.19
365448,141,36,7,188,SIM,PROSPECT,F,1988-07-24,DE 3SM ATE 4SM,33.40
30228,0,3,0,4,SIM,PROSPECT,M,1976-03-12,DE 4SM ATE 8SM,45.77
309623,24,46,13,95,NAO,PROSPECT,M,1966-04-21,DE 4SM ATE 8SM,55.67
247445,0,2,2,0,NAO,PROSPECT,M,1994-11-08,DE 4SM ATE 8SM,27.10
252092,0,3,2,0,NAO,PROSPECT,F,1968-01-16,DE 3SM ATE 4SM,53.93
35908,22,6,0,43,SIM,PROSPECT,F,1960-07-06,DE 4SM ATE 8SM,61.46
160675,1,2,8,0,NAO,PROSPECT,F,1965-06-07,DE 8SM ATE 14SM,56.54
285724,1,2,0,3,SIM,PROSPECT,M,1987-04-24,DE 2SM ATE 3SM,34.65
94682,0,1,0,0,NAO,PROSPECT,F,1985-08-15,DE 8SM ATE 14SM,36.34
302322,22,35,0,90,SIM,PROSPECT,M,1975-02-04,DE 14SM ATE 25SM,46.87
20594,2,8,16,8,NAO,PROSPECT,F,1983-09-10,DE 8SM ATE 14SM,38.27
338254,42,20,34,22,NAO,PROSPECT,F,1988-04-01,DE 3SM ATE 4SM,33.71
194587,0,1,1,0,NAO,PROSPECT,F,1979-06-16,DE 3SM ATE 4SM,42.51
144280,11,29,0,70,SIM,PROSPECT,M,1992-09-15,DE 8SM ATE 14SM,29.25
91609,0,8,3,7,NAO,PROSPECT,F,1979-06-27,DE 8SM ATE 14SM,42.48
29225,0,2,3,0,NAO,PROSPECT,F,1951-11-04,DE 8SM ATE 14SM,70.14
49118,33,60,265,320,SIM,PROSPECT,M,1978-05-16,DE 3SM ATE 4SM,43.59
154235,3,5,9,0,NAO,PROSPECT,M,1980-12-18,ACIMA DE 25SM,41.00
191303,52,31,17,5,NAO,PROSPECT,F,1981-01-23,DE 4SM ATE 8SM,40.90
262228,1,14,5,19,NAO,PROSPECT,M,1983-04-21,DE 3SM ATE 4SM,38.66
178790,4,53,183,182,SIM,PROSPECT,F,1988-04-11,DE 3SM ATE 4SM,33.68
322192,2,1,1,0,NAO,PROSPECT,M,1987-05-18,DE 4SM ATE 8SM,34.58
136942,0,2,2,0,NAO,PROSPECT,I,1959-07-12,DE 4SM ATE 8SM,62.45
346092,24,12,6,0,NAO,PROSPECT,M,1976-03-12,DE 3SM ATE 4SM,45.77
319728,0,1,1,0,NAO,PROSPECT,F,1991-05-03,DE 3SM ATE 4SM,30.62
86125,4,46,0,359,SIM,PROSPECT,M,1980-11-25,DE 3SM ATE 4SM,41.06
355006,10,41,14,62,SIM,PROSPECT,M,1964-07-20,DE 4SM ATE 8SM,57.42
296661,0,46,152,18,SIM,PROSPECT,M,1978-03-17,DE 4SM ATE 8SM,43.76
164856,94,36,0,184,SIM,PROSPECT,F,1941-06-10,DE 4SM ATE 8SM,80.55
353113,0,2,2,0,NAO,PROSPECT,F,1985-06-06,DE 3SM ATE 4SM,36.53
365831,4,37,27,74,SIM,PROSPECT,M,1987-07-28,DE 4SM ATE 8SM,34.39
171928,0,5,4,0,NAO,PROSPECT,F,1986-09-17,DE 8SM ATE 14SM,35.25
331261,0,3,2,0,NAO,PROSPECT,F,1982-04-24,DE 4SM ATE 8SM,39.65
285259,0,1,1,0,NAO,PROSPECT,M,1986-05-28,DE 14SM ATE 25SM,35.55
71240,12,54,119,431,SIM,PROSPECT,F,1968-10-15,DE 8SM ATE 14SM,53.18
230870,0,60,323,348,SIM,PROSPECT,M,1990-04-25,DE 3SM ATE 4SM,31.64
292237,0,1,1,0,NAO,PROSPECT,M,1970-10-08,DE 4SM ATE 8SM,51.20
212305,0,7,3,0,NAO,PROSPECT,M,1980-06-29,DE 2SM ATE 3SM,41.47
331808,4,4,5,0,NAO,PROSPECT,M,1980-01-22,DE 4SM ATE 8SM,41.91
267383,0,26,32,0,NAO,PROSPECT,M,1989-08-13,DE 4SM ATE 8SM,32.34
102360,0,60,395,574,SIM,PROSPECT,F,1990-02-13,DE 4SM ATE 8SM,31.84
247461,3,10,7,0,NAO,PROSPECT,M,1971-04-03,DE 3SM ATE 4SM,50.72
77226,0,33,169,132,NAO,PROSPECT,M,1991-08-26,DE 3SM ATE 4SM,30.31
339378,0,18,94,59,SIM,PROSPECT,I,1956-03-26,DE 3SM ATE 4SM,65.75
8024,0,3,1,0,NAO,PROSPECT,F,1971-02-27,DE 3SM ATE 4SM,50.81
263304,0,13,16,0,NAO,PROSPECT,F,1957-11-04,DE 3SM ATE 4SM,64.14
33524,0,2,2,0,NAO,PROSPECT,F,1993-12-13,DE 3SM ATE 4SM,28.00
166050,0,1,0,1,SIM,PROSPECT,F,1954-09-27,DE 4SM ATE 8SM,67.24
187788,0,1,1,0,NAO,PROSPECT,F,1970-12-12,ACIMA DE 25SM,51.02
323499,0,9,4,18,NAO,PROSPECT,F,1987-10-28,DE 4SM ATE 8SM,34.14
37325,0,7,0,10,NAO,PROSPECT,M,2000-01-01,DE 3SM ATE 4SM,21.95
164554,0,3,1,1,NAO,PROSPECT,M,1989-02-12,DE 4SM ATE 8SM,32.84
58115,0,1,0,4,SIM,PROSPECT,F,1968-04-01,DE 4SM ATE 8SM,53.72
314472,0,6,1,1,NAO,PROSPECT,M,1964-06-10,DE 8SM ATE 14SM,57.53
67268,0,44,37,119,SIM,PROSPECT,I,1951-08-18,DE 3SM ATE 4SM,70.35
360687,0,2,0,8,SIM,PROSPECT,I,1968-03-26,DE 3SM ATE 4SM,53.74
95755,0,31,52,0,NAO,PROSPECT,M,1982-03-05,DE 8SM ATE 14SM,39.79
49659,10,10,9,1,NAO,PROSPECT,M,1991-11-11,DE 4SM ATE 8SM,30.09
272327,0,2,1,0,NAO,PROSPECT,M,1986-04-12,DE 8SM ATE 14SM,35.68
333034,5,1,0,5,SIM,PROSPECT,M,1979-02-01,DE 8SM ATE 14SM,42.88
75781,0,2,1,1,NAO,PROSPECT,M,1977-05-18,DE 2SM ATE 3SM,44.59
200779,0,2,2,0,NAO,PROSPECT,F,1981-01-23,DE 3SM ATE 4SM,40.90
365599,9,13,2,28,SIM,PROSPECT,M,1964-10-19,DE 8SM ATE 14SM,57.17
99653,14,8,10,0,NAO,PROSPECT,F,1976-01-01,DE 4SM ATE 8SM,45.97
98612,0,17,24,0,NAO,PROSPECT,M,1987-05-30,DE 8SM ATE 14SM,34.55
14481,0,1,1,0,NAO,PROSPECT,M,1990-01-07,DE 3SM ATE 4SM,31.94
216718,68,46,8,99,NAO,PROSPECT,M,1958-01-25,DE 8SM ATE 14SM,63.91
102920,45,17,10,0,NAO,PROSPECT,M,1978-12-26,DE 3SM ATE 4SM,42.98
29347,18,20,20,8,NAO,PROSPECT,M,1984-07-31,DE 14SM ATE 25SM,37.38
17713,0,4,4,0,NAO,PROSPECT,F,1964-06-21,DE 4SM ATE 8SM,57.50
95570,8,21,34,0,NAO,PROSPECT,F,1981-10-20,DE 4SM ATE 8SM,40.16
369483,0,19,9,24,NAO,PROSPECT,F,1979-10-21,DE 3SM ATE 4SM,42.16
347530,0,8,1,9,NAO,PROSPECT,M,1979-06-04,DE 8SM ATE 14SM,42.54
354052,3,2,0,4,SIM,PROSPECT,M,1982-03-08,DE 3SM ATE 4SM,39.78
223252,3,2,1,0,NAO,PROSPECT,M,1967-08-05,DE 4SM ATE 8SM,54.38
287896,0,27,21,0,NAO,PROSPECT,F,1965-04-25,DE 3SM ATE 4SM,56.66
354127,0,1,3,0,NAO,PROSPECT,F,1974-06-18,DE 14SM ATE 25SM,47.51
175185,0,5,4,0,NAO,PROSPECT,F,1992-04-13,ATE 1SM,29.67
220721,2,14,4,2,NAO,PROSPECT,M,1985-12-04,DE 8SM ATE 14SM,36.03
259713,1,18,13,32,SIM,PROSPECT,M,1973-10-22,DE 4SM ATE 8SM,48.16
304968,0,60,1077,594,SIM,PROSPECT,M,1974-09-18,DE 14SM ATE 25SM,47.25
35185,12,8,11,0,NAO,PROSPECT,I,1964-05-31,ACIMA DE 25SM,57.56
131879,1,2,0,4,SIM,PROSPECT,M,1988-09-16,DE 4SM ATE 8SM,33.25
161442,0,5,4,0,NAO,PROSPECT,F,1975-08-12,DE 8SM ATE 14SM,46.35
259665,0,3,4,2,NAO,PROSPECT,M,1975-05-23,DE 3SM ATE 4SM,46.58
144436,0,1,0,0,NAO,PROSPECT,M,1980-01-17,DE 8SM ATE 14SM,41.92
288453,5,20,3,45,SIM,PROSPECT,M,1950-06-24,DE 4SM ATE 8SM,71.51
131868,0,53,147,118,SIM,PROSPECT,F,1980-11-25,DE 4SM ATE 8SM,41.06
66781,10,57,790,205,SIM,PROSPECT,F,1975-06-14,DE 3SM ATE 4SM,46.52
54600,0,9,10,0,NAO,PROSPECT,M,1967-02-21,DE 8SM ATE 14SM,54.83
191637,6,3,5,0,NAO,PROSPECT,F,2000-01-01,DE 4SM ATE 8SM,21.95
348463,0,1,1,0,NAO,PROSPECT,M,1981-02-16,DE 3SM ATE 4SM,40.83
214792,12,10,7,0,NAO,PROSPECT,M,1977-04-18,DE 8SM ATE 14SM,44.67
131106,0,26,6,37,NAO,PROSPECT,M,1979-04-04,DE 4SM ATE 8SM,42.71
339385,38,30,0,44,SIM,PROSPECT,M,1960-09-13,DE 8SM ATE 14SM,61.27
108761,0,56,328,389,SIM,PROSPECT,M,1968-03-02,DE 4SM ATE 8SM,53.80
272117,0,1,0,0,NAO,PROSPECT,F,1994-08-03,DE 8SM ATE 14SM,27.37
245868,10,25,5,80,SIM,PROSPECT,M,1991-06-14,DE 4SM ATE 8SM,30.51
357931,1,5,7,7,NAO,PROSPECT,M,1990-04-30,DE 4SM ATE 8SM,31.63
72282,0,60,705,666,SIM,PROSPECT,M,1986-05-01,DE 3SM ATE 4SM,35.63
240920,1,24,8,36,NAO,PROSPECT,M,1965-08-16,DE 8SM ATE 14SM,56.35
18861,0,3,4,0,NAO,PROSPECT,F,2000-01-01,DE 3SM ATE 4SM,21.95
259065,8,14,12,15,NAO,PROSPECT,M,1981-11-23,DE 8SM ATE 14SM,40.07
309372,0,29,43,37,SIM,PROSPECT,F,1956-06-29,DE 4SM ATE 8SM,65.49
300618,1,45,50,52,SIM,PROSPECT,M,1988-03-27,DE 8SM ATE 14SM,33.72
110672,222,57,373,985,SIM,PROSPECT,F,1970-05-04,DE 4SM ATE 8SM,51.63
205060,0,4,0,6,SIM,PROSPECT,M,1976-10-26,DE 3SM ATE 4SM,45.15
222241,0,4,3,0,NAO,PROSPECT,M,1983-10-03,DE 8SM ATE 14SM,38.21
24698,0,2,2,0,NAO,PROSPECT,F,1979-11-21,DE 2SM ATE 3SM,42.07
349377,0,41,80,0,NAO,PROSPECT,F,1991-03-01,DE 8SM ATE 14SM,30.79
40837,4,7,0,13,SIM,PROSPECT,M,1982-06-14,DE 4SM ATE 8SM,39.51
284478,0,57,463,319,SIM,PROSPECT,M,1983-03-28,DE 4SM ATE 8SM,38.72
276060,2,37,55,0,NAO,PROSPECT,M,1973-08-24,DE 8SM ATE 14SM,48.32
121726,0,22,58,0,NAO,PROSPECT,M,1975-09-08,DE 14SM ATE 25SM,46.28
291259,0,1,1,0,NAO,PROSPECT,F,1990-05-22,DE 4SM ATE 8SM,31.57
138986,32,14,0,53,SIM,PROSPECT,M,1958-09-30,DE 8SM ATE 14SM,63.23
264824,0,34,107,131,SIM,PROSPECT,F,1975-08-07,DE 4SM ATE 8SM,46.37
77175,0,1,1,0,NAO,PROSPECT,I,1956-12-23,DE 8SM ATE 14SM,65.00
327977,0,4,1,0,NAO,PROSPECT,F,1976-09-09,DE 8SM ATE 14SM,45.27
271779,0,11,4,2,NAO,PROSPECT,F,1970-02-07,DE 2SM ATE 3SM,51.87
71793,10,26,46,0,NAO,PROSPECT,F,1983-03-23,DE 3SM ATE 4SM,38.74
187358,3,1,0,4,SIM,PROSPECT,F,1993-03-10,DE 3SM ATE 4SM,28.77
166923,1,4,2,5,SIM,PROSPECT,F,1989-05-06,DE 8SM ATE 14SM,32.61
367473,2,6,9,0,NAO,PROSPECT,M,1990-05-22,DE 4SM ATE 8SM,31.57
180190,0,6,8,0,NAO,PROSPECT,I,1975-10-25,DE 3SM ATE 4SM,46.15
297609,0,4,2,0,NAO,PROSPECT,M,1982-02-15,DE 4SM ATE 8SM,39.84
155198,3,8,7,4,NAO,PROSPECT,M,1983-01-21,DE 8SM ATE 14SM,38.91
252511,0,7,2,0,NAO,PROSPECT,F,1974-04-30,DE 3SM ATE 4SM,47.64
84656,14,12,10,0,NAO,PROSPECT,F,1960-04-22,DE 3SM ATE 4SM,61.67
105810,0,2,1,1,NAO,PROSPECT,M,1987-11-13,ACIMA DE 25SM,34.09
110188,1,4,2,2,NAO,PROSPECT,F,2000-01-01,DE 3SM ATE 4SM,21.95
122342,0,1,0,3,SIM,PROSPECT,M,1981-04-21,DE 8SM ATE 14SM,40.66
54050,0,6,2,4,NAO,PROSPECT,M,1983-09-30,DE 4SM ATE 8SM,38.21
294347,47,50,12,135,NAO,PROSPECT,F,1974-02-17,DE 3SM ATE 4SM,47.84
132869,0,41,88,20,NAO,PROSPECT,M,1979-01-11,DE 3SM ATE 4SM,42.94
183562,0,1,0,5,SIM,PROSPECT,M,1972-08-08,DE 4SM ATE 8SM,49.37
104983,2,15,13,0,NAO,PROSPECT,M,1977-04-02,DE 8SM ATE 14SM,44.71
358169,0,5,4,0,NAO,PROSPECT,M,1992-05-08,DE 3SM ATE 4SM,29.60
340802,0,15,19,0,NAO,PROSPECT,F,1992-08-03,DE 4SM ATE 8SM,29.37
8947,14,19,0,49,SIM,PROSPECT,M,1984-05-26,DE 3SM ATE 4SM,37.56
365431,0,1,2,0,NAO,PROSPECT,M,1982-09-13,DE 4SM ATE 8SM,39.26
88282,4,22,24,0,NAO,PROSPECT,I,1984-03-03,DE 3SM ATE 4SM,37.79
49784,0,1,2,0,NAO,PROSPECT,M,1990-08-07,DE 2SM ATE 3SM,31.36
213542,3,2,3,0,NAO,PROSPECT,M,1994-07-18,DE 3SM ATE 4SM,27.41
321670,2,2,3,0,NAO,PROSPECT,M,1993-08-03,DE 3SM ATE 4SM,28.37
34156,3,8,7,1,NAO,PROSPECT,F,1991-05-06,DE 4SM ATE 8SM,30.61
114502,0,3,4,0,NAO,PROSPECT,M,1956-08-25,DE 3SM ATE 4SM,65.33
233996,10,13,13,0,NAO,PROSPECT,M,1970-03-24,DE 4SM ATE 8SM,51.74
188412,0,24,6,35,NAO,PROSPECT,F,1960-02-14,DE 8SM ATE 14SM,61.86
220124,0,3,0,10,SIM,PROSPECT,F,1936-05-21,DE 8SM ATE 14SM,85.61
14218,0,7,6,0,NAO,PROSPECT,F,1996-07-12,DE 4SM ATE 8SM,25.42
229778,0,52,89,332,SIM,PROSPECT,F,1972-10-15,DE 8SM ATE 14SM,49.18
219560,18,20,10,17,SIM,PROSPECT,M,2000-01-01,ACIMA DE 25SM,21.95
283194,14,20,8,22,SIM,PROSPECT,M,1986-11-22,DE 14SM ATE 25SM,35.07
260138,0,14,6,9,SIM,PROSPECT,F,1950-02-05,DE 8SM ATE 14SM,71.89
148366,10,6,5,0,NAO,PROSPECT,F,1982-11-06,DE 3SM ATE 4SM,39.11
344437,30,18,0,75,SIM,PROSPECT,M,1961-02-21,DE 4SM ATE 8SM,60.83
241562,6,3,0,20,SIM,PROSPECT,M,1974-04-27,DE 4SM ATE 8SM,47.65
359361,0,5,6,0,NAO,PROSPECT,F,1995-06-28,DE 4SM ATE 8SM,26.46
242234,0,59,197,462,SIM,PROSPECT,M,1981-01-27,DE 3SM ATE 4SM,40.89
178499,0,5,7,0,NAO,PROSPECT,M,1961-09-18,DE 3SM ATE 4SM,60.26
2159,0,25,0,0,NAO,PROSPECT,M,1953-07-15,DE 3SM ATE 4SM,68.44
342045,6,15,16,1,NAO,PROSPECT,M,1979-09-14,DE 2SM ATE 3SM,42.26
199378,7,3,0,8,SIM,PROSPECT,F,1943-04-03,DE 4SM ATE 8SM,78.74
312983,0,3,1,0,NAO,PROSPECT,F,1953-08-17,DE 4SM ATE 8SM,68.35
291316,12,17,0,17,SIM,PROSPECT,M,1981-08-17,DE 3SM ATE 4SM,40.34
370213,0,5,3,0,NAO,PROSPECT,M,1982-03-23,DE 3SM ATE 4SM,39.74
2822,0,2,1,0,NAO,PROSPECT,F,1947-10-25,DE 3SM ATE 4SM,74.17
350402,0,43,44,138,SIM,PROSPECT,M,1983-08-31,DE 8SM ATE 14SM,38.30
235382,0,35,57,0,NAO,PROSPECT,F,1972-07-16,DE 3SM ATE 4SM,49.43
37616,0,27,74,4,NAO,PROSPECT,M,1977-12-31,DE 3SM ATE 4SM,43.97
11935,0,3,3,0,NAO,PROSPECT,F,1989-01-13,DE 8SM ATE 14SM,32.92
277313,0,4,1,4,NAO,PROSPECT,M,1981-07-02,DE 4SM ATE 8SM,40.46
250576,0,11,1,1,NAO,PROSPECT,M,1986-03-04,DE 4SM ATE 8SM,35.79
271935,26,39,20,112,NAO,PROSPECT,M,1951-01-24,DE 4SM ATE 8SM,70.92
111369,0,2,2,0,NAO,PROSPECT,F,1992-08-20,DE 14SM ATE 25SM,29.32
367010,10,18,0,26,SIM,PROSPECT,M,1970-07-13,DE 4SM ATE 8SM,51.44
91098,5,7,9,0,NAO,PROSPECT,M,1990-12-29,DE 8SM ATE 14SM,30.96
11425,0,6,3,0,NAO,PROSPECT,F,1983-06-25,DE 3SM ATE 4SM,38.48
171510,0,1,0,0,NAO,PROSPECT,F,1955-07-24,DE 8SM ATE 14SM,66.42
45035,0,5,1,0,NAO,PROSPECT,M,1977-11-29,DE 14SM ATE 25SM,44.05
271003,0,1,2,0,NAO,PROSPECT,M,1979-05-23,DE 3SM ATE 4SM,42.57
256115,22,21,8,0,NAO,PROSPECT,F,1961-05-06,DE 8SM ATE 14SM,60.63
195864,24,26,11,4,NAO,PROSPECT,F,2000-01-01,DE 4SM ATE 8SM,21.95
13611,0,5,1,0,NAO,PROSPECT,F,1976-01-29,DE 4SM ATE 8SM,45.89
296836,0,1,1,0,NAO,PROSPECT,M,1966-07-26,DE 8SM ATE 14SM,55.41
238053,22,19,16,0,NAO,PROSPECT,M,1980-01-07,DE 4SM ATE 8SM,41.95
55912,17,42,24,100,NAO,PROSPECT,M,1970-05-04,DE 14SM ATE 25SM,51.63
331471,51,18,7,0,NAO,PROSPECT,M,1938-05-12,DE 4SM ATE 8SM,83.63
349909,2,24,30,0,NAO,PROSPECT,M,1982-04-05,DE 3SM ATE 4SM,39.70
81727,0,1,2,0,NAO,PROSPECT,M,1961-10-30,DE 3SM ATE 4SM,60.15
300377,58,29,26,0,NAO,PROSPECT,M,1980-10-26,DE 14SM ATE 25SM,41.14
137853,0,1,5,0,NAO,PROSPECT,F,1982-11-28,DE 8SM ATE 14SM,39.05
250353,0,1,1,1,NAO,PROSPECT,M,1969-09-14,DE 8SM ATE 14SM,52.27
49423,0,26,6,32,NAO,PROSPECT,M,1982-10-31,DE 4SM ATE 8SM,39.13
278507,0,4,2,3,NAO,PROSPECT,F,1983-01-05,DE 14SM ATE 25SM,38.95
166418,15,30,1,84,SIM,PROSPECT,M,1981-10-10,DE 4SM ATE 8SM,40.19
227507,0,60,1102,920,SIM,PROSPECT,F,1967-05-27,DE 3SM ATE 4SM,54.57
122841,0,1,0,0,NAO,PROSPECT,F,1985-01-27,DE 3SM ATE 4SM,36.89
40506,118,26,0,156,SIM,PROSPECT,M,1982-12-11,DE 3SM ATE 4SM,39.02
68046,0,20,24,0,NAO,PROSPECT,M,1981-01-15,DE 8SM ATE 14SM,40.92
326434,10,6,15,29,NAO,PROSPECT,M,1984-02-07,DE 4SM ATE 8SM,37.86
177174,0,17,29,0,NAO,PROSPECT,M,1982-01-19,DE 4SM ATE 8SM,39.91
301358,0,10,12,0,NAO,PROSPECT,M,1991-11-27,DE 4SM ATE 8SM,30.05
244252,0,4,0,13,SIM,PROSPECT,M,1972-02-15,DE 4SM ATE 8SM,49.84
97527,0,60,635,76,SIM,PROSPECT,M,1982-10-15,DE 3SM ATE 4SM,39.17
187797,5,22,30,0,NAO,PROSPECT,F,1981-07-08,DE 3SM ATE 4SM,40.44
297658,0,3,3,0,NAO,PROSPECT,M,1981-03-10,DE 8SM ATE 14SM,40.77
232513,0,37,69,10,SIM,PROSPECT,M,1985-05-13,DE 4SM ATE 8SM,36.60
99650,0,4,2,0,NAO,PROSPECT,M,1980-10-10,DE 8SM ATE 14SM,41.19
261015,0,24,4,37,NAO,PROSPECT,M,1978-07-13,DE 14SM ATE 25SM,43.43
234534,10,20,24,0,NAO,PROSPECT,F,1954-10-24,DE 8SM ATE 14SM,67.17
192288,0,3,5,0,NAO,PROSPECT,F,1976-02-28,DE 4SM ATE 8SM,45.81
20952,0,19,3,0,NAO,PROSPECT,F,1959-09-26,DE 8SM ATE 14SM,62.24
163490,0,1,1,0,NAO,PROSPECT,F,1983-11-16,DE 4SM ATE 8SM,38.09
10534,0,48,163,198,SIM,PROSPECT,M,1965-02-27,DE 8SM ATE 14SM,56.81
293315,0,13,2,0,NAO,PROSPECT,M,1989-07-31,DE 14SM ATE 25SM,32.38
304181,9,10,11,1,NAO,PROSPECT,M,1989-10-23,DE 14SM ATE 25SM,32.15
362151,2,22,33,0,NAO,PROSPECT,M,2000-01-01,DE 3SM ATE 4SM,21.95
24058,0,3,4,0,NAO,PROSPECT,F,1976-08-06,DE 8SM ATE 14SM,45.37
8569,2,8,7,0,NAO,PROSPECT,F,1987-06-16,DE 8SM ATE 14SM,34.50
10059,0,1,0,1,SIM,PROSPECT,M,1987-02-04,DE 4SM ATE 8SM,34.86
279914,0,1,0,0,NAO,PROSPECT,M,1963-01-27,DE 14SM ATE 25SM,58.90
65132,0,1,1,0,NAO,PROSPECT,I,1965-09-30,DE 14SM ATE 25SM,56.23
230122,0,37,326,46,NAO,PROSPECT,F,1986-05-30,DE 14SM ATE 25SM,35.55
130205,0,4,3,4,NAO,PROSPECT,M,2000-01-01,DE 4SM ATE 8SM,21.95
51015,12,13,41,0,NAO,PROSPECT,M,1976-05-07,DE 8SM ATE 14SM,45.62
275506,0,2,0,6,SIM,PROSPECT,M,1971-10-23,DE 3SM ATE 4SM,50.16
131252,0,2,0,0,NAO,PROSPECT,M,1982-01-07,DE 4SM ATE 8SM,39.94
115045,1,4,5,0,NAO,PROSPECT,F,1990-02-08,DE 4SM ATE 8SM,31.85
148649,0,7,4,0,NAO,PROSPECT,M,1980-05-08,DE 8SM ATE 14SM,41.61
300678,0,6,5,4,NAO,PROSPECT,M,1971-10-30,ACIMA DE 25SM,50.14
369596,0,5,5,0,NAO,PROSPECT,M,1990-10-07,DE 8SM ATE 14SM,31.19
109205,0,53,154,15,NAO,PROSPECT,M,1963-09-16,ACIMA DE 25SM,58.27
137434,0,2,2,1,NAO,PROSPECT,F,1933-01-01,DE 3SM ATE 4SM,88.99
101215,144,52,1,359,SIM,PROSPECT,M,1969-06-22,DE 14SM ATE 25SM,52.50
232901,0,4,4,0,NAO,PROSPECT,M,1964-03-09,DE 8SM ATE 14SM,57.79
182249,17,37,5,162,SIM,PROSPECT,M,1982-06-19,DE 3SM ATE 4SM,39.50
98383,0,2,2,0,NAO,PROSPECT,F,1990-10-23,DE 4SM ATE 8SM,31.15
97310,1,53,8,107,NAO,PROSPECT,M,1990-11-26,DE 4SM ATE 8SM,31.05
167303,0,34,17,53,NAO,PROSPECT,M,1954-09-18,DE 8SM ATE 14SM,67.27
204193,0,1,4,0,NAO,PROSPECT,M,1958-05-21,ACIMA DE 25SM,63.59
182458,1,1,1,0,NAO,PROSPECT,M,1958-12-10,DE 4SM ATE 8SM,63.04
166420,0,1,0,0,NAO,PROSPECT,F,1983-11-03,ACIMA DE 25SM,38.12
195776,0,5,3,1,NAO,PROSPECT,M,1958-09-17,DE 8SM ATE 14SM,63.27
66553,3,8,4,14,NAO,PROSPECT,M,1990-08-15,DE 4SM ATE 8SM,31.34
75981,2,6,5,0,NAO,PROSPECT,F,1964-10-23,DE 3SM ATE 4SM,57.16
12487,10,7,3,0,NAO,PROSPECT,M,1964-10-11,DE 4SM ATE 8SM,57.20
257685,10,47,0,254,SIM,PROSPECT,F,1978-04-11,DE 4SM ATE 8SM,43.69
26102,10,7,3,0,NAO,PROSPECT,F,1983-06-15,DE 3SM ATE 4SM,38.51
86102,3,14,36,0,NAO,PROSPECT,M,1988-05-13,DE 3SM ATE 4SM,33.59
344742,38,51,297,723,SIM,PROSPECT,M,2000-01-01,DE 4SM ATE 8SM,21.95
315358,0,43,83,231,SIM,PROSPECT,M,1986-05-10,DE 4SM ATE 8SM,35.60
201703,0,10,6,1,NAO,PROSPECT,F,1960-02-10,DE 4SM ATE 8SM,61.87
146496,0,3,4,0,NAO,PROSPECT,F,1981-10-11,DE 4SM ATE 8SM,40.18
367535,42,43,1,239,SIM,PROSPECT,M,1981-02-22,DE 3SM ATE 4SM,40.82
221228,24,47,0,275,SIM,PROSPECT,M,1956-04-06,DE 8SM ATE 14SM,65.72
231383,0,31,47,106,SIM,PROSPECT,F,1970-12-25,DE 4SM ATE 8SM,50.99
197624,0,1,1,0,NAO,PROSPECT,M,1982-01-22,DE 2SM ATE 3SM,39.90
360387,14,2,1,2,NAO,PROSPECT,M,1994-03-21,DE 8SM ATE 14SM,27.74
65672,0,15,14,0,NAO,PROSPECT,F,1996-09-05,DE 3SM ATE 4SM,25.27
61542,0,10,15,0,NAO,PROSPECT,F,1985-07-07,DE 4SM ATE 8SM,36.44
28417,0,13,7,0,NAO,PROSPECT,M,1983-01-20,DE 4SM ATE 8SM,38.91
22152,0,2,2,0,NAO,PROSPECT,F,1994-08-13,DE 4SM ATE 8SM,27.34
276686,1,10,11,1,NAO,PROSPECT,M,1986-04-28,DE 8SM ATE 14SM,35.64
36004,2,56,161,299,SIM,PROSPECT,F,1956-07-18,DE 8SM ATE 14SM,65.43
157704,2,11,0,22,SIM,PROSPECT,M,1990-03-17,DE 4SM ATE 8SM,31.75
238725,0,17,23,2,NAO,PROSPECT,M,1985-12-01,DE 3SM ATE 4SM,36.04
337658,171,45,204,217,NAO,PROSPECT,M,1984-04-13,DE 4SM ATE 8SM,37.68
35376,0,49,217,97,SIM,PROSPECT,M,1973-08-20,DE 4SM ATE 8SM,48.33
260872,5,1,0,2,SIM,PROSPECT,I,1946-10-17,DE 4SM ATE 8SM,75.19
163472,0,1,1,0,NAO,PROSPECT,F,1973-03-25,ACIMA DE 25SM,48.74
67649,0,2,2,0,NAO,PROSPECT,F,1972-05-12,DE 3SM ATE 4SM,49.61
346579,26,36,9,88,NAO,PROSPECT,F,1972-05-13,DE 4SM ATE 8SM,49.60
259471,21,21,11,16,NAO,PROSPECT,M,1990-10-31,DE 8SM ATE 14SM,31.12
35029,42,59,86,209,NAO,PROSPECT,M,1966-01-02,DE 3SM ATE 4SM,55.97
209602,0,60,487,2,NAO,PROSPECT,M,1988-10-09,DE 3SM ATE 4SM,33.18
120294,0,54,245,267,SIM,PROSPECT,M,1961-10-23,DE 4SM ATE 8SM,60.17
302686,0,2,2,0,NAO,PROSPECT,F,1984-09-04,DE 14SM ATE 25SM,37.28
260540,1,1,0,0,NAO,PROSPECT,F,1938-07-22,ACIMA DE 25SM,83.44
260072,0,1,1,0,NAO,PROSPECT,M,1982-08-15,DE 8SM ATE 14SM,39.34
74702,1,34,131,219,SIM,PROSPECT,M,1987-04-01,DE 8SM ATE 14SM,34.71
68299,0,1,1,0,NAO,PROSPECT,F,1974-03-25,DE 4SM ATE 8SM,47.74
210837,22,17,0,9,SIM,PROSPECT,M,2000-01-01,DE 4SM ATE 8SM,21.95
72882,0,5,5,0,NAO,PROSPECT,M,1956-04-25,DE 4SM ATE 8SM,65.66
66235,0,12,5,0,NAO,PROSPECT,M,1981-03-21,DE 4SM ATE 8SM,40.74
262654,4,17,8,5,NAO,PROSPECT,M,1989-02-22,DE 3SM ATE 4SM,32.81
199893,0,1,0,0,NAO,PROSPECT,M,1986-10-11,DE 4SM ATE 8SM,35.18
334967,0,12,6,1,NAO,PROSPECT,F,1975-07-29,DE 3SM ATE 4SM,46.39
58644,0,5,2,0,NAO,PROSPECT,M,1984-08-26,DE 8SM ATE 14SM,37.31
254031,90,23,15,1,NAO,PROSPECT,M,1941-02-26,DE 4SM ATE 8SM,80.83
359973,4,10,17,0,NAO,PROSPECT,F,1991-10-27,DE 4SM ATE 8SM,30.14
21316,0,2,4,0,NAO,PROSPECT,M,1982-03-06,DE 4SM ATE 8SM,39.78
76999,2,1,1,0,NAO,PROSPECT,M,1981-08-15,DE 4SM ATE 8SM,40.34
264604,0,2,2,0,NAO,PROSPECT,F,1961-12-29,DE 3SM ATE 4SM,59.98
2427,4,3,3,0,NAO,PROSPECT,F,1986-07-14,DE 3SM ATE 4SM,35.43
81829,0,2,2,0,NAO,PROSPECT,M,1991-05-24,DE 3SM ATE 4SM,30.56
27913,0,12,12,39,SIM,PROSPECT,M,1958-09-23,DE 4SM ATE 8SM,63.25
176985,0,4,2,1,NAO,PROSPECT,F,1985-07-26,DE 3SM ATE 4SM,36.39
256557,2,4,0,5,SIM,PROSPECT,M,1977-05-19,DE 4SM ATE 8SM,44.58
239735,0,2,1,0,NAO,PROSPECT,M,1979-03-08,DE 8SM ATE 14SM,42.78
369943,0,2,2,0,NAO,PROSPECT,F,1993-04-26,DE 14SM ATE 25SM,28.64
315395,18,7,0,19,SIM,PROSPECT,M,1947-02-03,DE 3SM ATE 4SM,74.89
74136,0,38,67,89,SIM,PROSPECT,M,1971-06-05,DE 14SM ATE 25SM,50.54
110068,0,8,0,12,SIM,PROSPECT,F,1974-12-16,DE 4SM ATE 8SM,47.01
249278,1,7,14,0,NAO,PROSPECT,F,1987-06-20,DE 3SM ATE 4SM,34.49
145877,0,6,5,0,NAO,PROSPECT,F,1985-11-05,DE 4SM ATE 8SM,36.11
222889,4,27,6,37,NAO,PROSPECT,F,1986-10-24,DE 4SM ATE 8SM,35.15
54647,0,4,2,0,NAO,PROSPECT,F,1969-11-17,DE 4SM ATE 8SM,52.09
12240,16,38,0,358,SIM,PROSPECT,M,1967-08-02,DE 4SM ATE 8SM,54.39
166426,0,9,16,0,NAO,PROSPECT,F,1978-02-25,DE 3SM ATE 4SM,43.81
45171,0,2,2,0,NAO,PROSPECT,M,1993-03-26,DE 8SM ATE 14SM,28.72
190350,0,55,60,162,SIM,PROSPECT,M,1988-06-19,DE 4SM ATE 8SM,33.49
20184,11,13,17,0,NAO,PROSPECT,F,1986-02-06,DE 4SM ATE 8SM,35.86
224980,6,1,3,0,NAO,PROSPECT,F,1977-04-18,DE 14SM ATE 25SM,44.67
251619,1,7,0,10,SIM,PROSPECT,M,1989-07-27,DE 14SM ATE 25SM,32.39
36863,0,3,2,0,NAO,PROSPECT,F,1952-01-29,DE 8SM ATE 14SM,69.91
216639,0,60,710,1064,SIM,PROSPECT,M,1991-07-20,DE 3SM ATE 4SM,30.41
59816,0,1,0,0,NAO,PROSPECT,F,1985-09-01,DE 8SM ATE 14SM,36.29
351998,0,5,4,0,NAO,PROSPECT,M,1983-04-21,DE 3SM ATE 4SM,38.66
288164,13,24,0,73,SIM,PROSPECT,M,1980-09-07,DE 8SM ATE 14SM,41.28
49143,0,2,1,0,NAO,PROSPECT,F,2000-01-01,DE 8SM ATE 14SM,21.95
49504,123,37,24,87,SIM,PROSPECT,M,1971-10-26,DE 8SM ATE 14SM,50.15
118643,1,15,8,0,NAO,PROSPECT,M,1978-07-14,DE 3SM ATE 4SM,43.43
277951,0,1,1,0,NAO,PROSPECT,F,1958-06-18,DE 3SM ATE 4SM,63.52
299239,2,1,0,0,NAO,PROSPECT,M,1974-12-06,DE 8SM ATE 14SM,47.04
297931,0,1,0,2,SIM,PROSPECT,M,1956-11-08,DE 4SM ATE 8SM,65.12
92657,2,5,7,0,NAO,PROSPECT,M,1958-12-17,DE 8SM ATE 14SM,63.02
65684,0,5,5,0,NAO,PROSPECT,F,1959-05-15,DE 4SM ATE 8SM,62.61
218609,0,59,374,681,SIM,PROSPECT,F,2025-03-27,DE 4SM ATE 8SM,-3.30
71289,21,20,10,1,NAO,PROSPECT,F,1980-05-09,DE 8SM ATE 14SM,41.61
132165,0,7,9,0,NAO,PROSPECT,F,1985-11-06,DE 3SM ATE 4SM,36.11
162938,1,8,5,0,NAO,PROSPECT,M,1957-06-09,DE 3SM ATE 4SM,64.54
30852,0,1,1,0,NAO,PROSPECT,F,1981-05-28,DE 14SM ATE 25SM,40.56
271498,3,6,5,0,NAO,PROSPECT,M,1983-09-30,DE 8SM ATE 14SM,38.21
248442,0,5,3,1,NAO,PROSPECT,F,1933-02-06,DE 14SM ATE 25SM,88.89
188987,0,1,1,0,NAO,PROSPECT,M,1961-10-04,DE 3SM ATE 4SM,60.22
89131,8,8,0,18,SIM,PROSPECT,M,1991-03-18,DE 3SM ATE 4SM,30.75
101930,0,2,1,0,NAO,PROSPECT,M,1944-10-08,DE 4SM ATE 8SM,77.22
334277,4,6,7,1,SIM,PROSPECT,M,1955-02-03,DE 8SM ATE 14SM,66.89
241332,10,2,0,3,SIM,PROSPECT,F,1985-09-18,DE 3SM ATE 4SM,36.24
166613,0,5,0,0,NAO,PROSPECT,M,1988-12-11,DE 3SM ATE 4SM,33.01
352159,0,13,16,0,NAO,PROSPECT,I,1975-05-31,DE 8SM ATE 14SM,46.55
121815,6,2,2,0,NAO,PROSPECT,M,1963-06-04,DE 4SM ATE 8SM,58.55
56281,4,9,13,0,NAO,PROSPECT,M,1975-09-23,DE 2SM ATE 3SM,46.24
356104,0,3,3,0,NAO,PROSPECT,M,1986-11-24,DE 14SM ATE 25SM,35.06
149975,0,9,4,0,NAO,PROSPECT,M,1958-10-16,ACIMA DE 25SM,63.19
308365,10,12,7,0,NAO,PROSPECT,M,1977-10-10,DE 3SM ATE 4SM,44.19
247316,0,5,6,0,NAO,PROSPECT,F,1986-04-27,DE 3SM ATE 4SM,35.64
57307,10,6,0,24,SIM,PROSPECT,M,1985-10-07,DE 14SM ATE 25SM,36.19
263417,0,8,3,0,NAO,PROSPECT,M,1953-08-17,DE 8SM ATE 14SM,68.35
207888,12,13,2,10,NAO,PROSPECT,M,1948-11-19,DE 14SM ATE 25SM,73.10
356032,0,1,2,0,NAO,PROSPECT,F,1968-08-05,DE 4SM ATE 8SM,53.38
117403,0,2,2,0,NAO,PROSPECT,F,1963-06-26,DE 14SM ATE 25SM,58.49
207423,38,57,0,569,SIM,PROSPECT,M,1984-09-21,DE 4SM ATE 8SM,37.24
300081,3,60,113,360,SIM,PROSPECT,M,1972-07-26,DE 4SM ATE 8SM,49.40
92774,23,19,0,115,SIM,PROSPECT,M,1978-06-26,DE 8SM ATE 14SM,43.48
352397,3,14,0,58,SIM,PROSPECT,M,1973-03-30,DE 4SM ATE 8SM,48.72
310029,0,35,40,57,SIM,PROSPECT,F,1976-09-09,ACIMA DE 25SM,45.27
779,52,38,5,96,SIM,PROSPECT,F,1982-02-04,DE 14SM ATE 25SM,39.87
224963,81,55,2,514,SIM,PROSPECT,M,2000-01-01,DE 4SM ATE 8SM,21.95
347107,0,1,1,0,NAO,PROSPECT,F,1958-12-12,DE 8SM ATE 14SM,63.03
344179,0,1,0,0,NAO,PROSPECT,F,1974-03-05,DE 4SM ATE 8SM,47.79
339077,0,1,0,0,NAO,PROSPECT,F,1977-09-09,DE 3SM ATE 4SM,44.27
155063,2,1,0,0,NAO,PROSPECT,F,1994-08-19,DE 4SM ATE 8SM,27.32
222289,0,12,5,26,NAO,PROSPECT,M,2001-01-01,DE 14SM ATE 25SM,20.95
191740,0,3,3,0,NAO,PROSPECT,F,1980-03-28,DE 14SM ATE 25SM,41.72
210942,0,5,4,0,NAO,PROSPECT,M,1940-12-09,DE 3SM ATE 4SM,81.05
327714,0,5,0,9,SIM,PROSPECT,F,1987-09-01,DE 4SM ATE 8SM,34.29
332994,2,6,6,0,NAO,PROSPECT,F,1993-05-26,DE 4SM ATE 8SM,28.55
257786,0,7,7,0,NAO,PROSPECT,F,1983-11-20,DE 4SM ATE 8SM,38.07
105336,0,12,12,0,NAO,PROSPECT,F,1944-03-26,DE 14SM ATE 25SM,77.75
351062,0,9,9,0,NAO,PROSPECT,F,1977-09-28,DE 3SM ATE 4SM,44.22
121613,0,1,0,6,SIM,PROSPECT,M,1981-11-25,DE 3SM ATE 4SM,40.06
130358,0,10,10,0,NAO,PROSPECT,F,1971-04-26,DE 8SM ATE 14SM,50.65
166955,53,32,14,204,SIM,PROSPECT,F,1966-08-07,DE 4SM ATE 8SM,55.37
193301,0,2,4,0,NAO,PROSPECT,F,1980-07-12,DE 4SM ATE 8SM,41.43
146919,0,10,8,0,NAO,PROSPECT,F,1988-10-05,DE 8SM ATE 14SM,33.20
264511,6,8,4,5,NAO,PROSPECT,M,1986-01-12,DE 4SM ATE 8SM,35.93
103275,12,1,0,1,SIM,PROSPECT,M,1983-03-28,DE 8SM ATE 14SM,38.72
226029,0,60,580,710,SIM,PROSPECT,F,1945-01-27,DE 8SM ATE 14SM,76.91
225461,0,1,0,0,NAO,PROSPECT,F,1972-12-31,DE 4SM ATE 8SM,48.97
147511,5,4,5,0,NAO,PROSPECT,F,1980-09-03,DE 3SM ATE 4SM,41.29
349748,15,16,7,1,NAO,PROSPECT,M,1968-10-20,DE 4SM ATE 8SM,53.17
239390,38,26,13,0,NAO,PROSPECT,F,1965-10-19,DE 8SM ATE 14SM,56.17
175844,0,53,223,21,NAO,PROSPECT,F,1942-06-27,DE 4SM ATE 8SM,79.50
171355,0,31,133,197,SIM,PROSPECT,M,1979-02-04,DE 14SM ATE 25SM,42.87
87772,2,12,6,7,SIM,PROSPECT,I,1983-08-16,DE 4SM ATE 8SM,38.34
220428,0,2,4,5,NAO,PROSPECT,F,1939-07-15,DE 4SM ATE 8SM,82.46
131729,0,58,775,217,SIM,PROSPECT,F,1979-03-02,DE 3SM ATE 4SM,42.80
316897,0,19,23,0,NAO,PROSPECT,M,1986-04-29,DE 8SM ATE 14SM,35.63
166942,0,1,0,1,NAO,PROSPECT,F,1985-09-30,DE 4SM ATE 8SM,36.21
96996,0,10,9,5,NAO,PROSPECT,M,1962-04-21,DE 4SM ATE 8SM,59.67
294519,132,41,11,150,SIM,PROSPECT,M,1962-09-20,DE 4SM ATE 8SM,59.26
71314,0,28,68,149,SIM,PROSPECT,F,1960-07-31,DE 14SM ATE 25SM,61.40
110689,0,57,238,253,SIM,PROSPECT,M,1976-09-21,DE 4SM ATE 8SM,45.24
114838,0,1,1,0,NAO,PROSPECT,F,1977-12-19,DE 4SM ATE 8SM,44.00
72878,0,1,1,0,NAO,PROSPECT,F,1970-01-17,DE 3SM ATE 4SM,51.92
166174,0,60,843,403,SIM,PROSPECT,F,1980-11-02,DE 4SM ATE 8SM,41.12
57558,0,4,4,0,NAO,PROSPECT,F,1982-07-29,DE 4SM ATE 8SM,39.39
160170,0,1,0,0,NAO,PROSPECT,M,2000-01-01,DE 8SM ATE 14SM,21.95
118282,15,25,13,0,NAO,PROSPECT,M,1985-01-22,DE 8SM ATE 14SM,36.90
320251,0,10,10,0,NAO,PROSPECT,M,1979-12-15,DE 8SM ATE 14SM,42.01
162709,0,4,4,0,NAO,PROSPECT,F,1975-05-07,DE 4SM ATE 8SM,46.62
217102,0,2,0,0,NAO,PROSPECT,M,2000-01-01,DE 4SM ATE 8SM,21.95
112882,1,10,0,13,SIM,PROSPECT,M,1991-05-11,DE 8SM ATE 14SM,30.60
330572,0,56,148,245,NAO,PROSPECT,M,1975-12-01,DE 4SM ATE 8SM,46.05
48345,71,27,81,8,NAO,PROSPECT,M,1986-04-30,DE 8SM ATE 14SM,35.63
228660,0,13,6,27,NAO,PROSPECT,M,1953-11-27,DE 4SM ATE 8SM,68.07
164095,0,5,7,0,NAO,PROSPECT,F,1986-11-20,DE 8SM ATE 14SM,35.07
225252,8,29,0,121,SIM,PROSPECT,M,1993-04-15,DE 3SM ATE 4SM,28.67
329341,8,23,10,41,SIM,PROSPECT,M,1992-12-06,DE 8SM ATE 14SM,29.02
220253,1,14,27,29,SIM,PROSPECT,F,1964-07-01,ACIMA DE 25SM,57.47
23120,192,35,0,283,SIM,PROSPECT,M,1950-05-22,DE 8SM ATE 14SM,71.60
275404,0,6,3,0,NAO,PROSPECT,M,1980-12-14,DE 3SM ATE 4SM,41.01
53202,0,5,5,0,NAO,PROSPECT,M,1954-08-05,DE 8SM ATE 14SM,67.39
162259,0,4,4,0,NAO,PROSPECT,F,1986-06-01,DE 4SM ATE 8SM,35.54
356734,0,2,1,0,NAO,PROSPECT,F,1991-06-11,DE 2SM ATE 3SM,30.51
90449,0,10,8,0,NAO,PROSPECT,F,1968-03-24,DE 3SM ATE 4SM,53.74
223011,25,41,24,0,NAO,PROSPECT,F,2000-01-01,DE 3SM ATE 4SM,21.95
325623,0,35,183,16,NAO,PROSPECT,F,1950-07-02,DE 8SM ATE 14SM,71.48
179030,0,27,40,0,NAO,PROSPECT,F,1971-07-29,DE 4SM ATE 8SM,50.40
94254,24,16,0,20,SIM,PROSPECT,F,1976-04-13,DE 4SM ATE 8SM,45.68
333275,32,15,0,66,SIM,PROSPECT,M,1971-11-24,DE 3SM ATE 4SM,50.07
339184,0,5,6,0,NAO,PROSPECT,F,1988-04-30,DE 3SM ATE 4SM,33.63
47464,0,3,1,0,NAO,PROSPECT,M,1975-10-16,DE 14SM ATE 25SM,46.18
239080,0,5,7,0,NAO,PROSPECT,M,1986-11-14,DE 3SM ATE 4SM,35.09
33784,19,39,21,93,NAO,PROSPECT,F,1976-10-30,DE 3SM ATE 4SM,45.14
177156,0,3,4,0,NAO,PROSPECT,I,1994-03-14,DE 4SM ATE 8SM,27.75
224318,0,19,23,5,SIM,PROSPECT,F,2004-08-17,DE 3SM ATE 4SM,17.32
296310,0,6,5,0,NAO,PROSPECT,I,1974-05-02,DE 4SM ATE 8SM,47.63
166329,0,2,1,0,NAO,PROSPECT,I,1962-03-12,DE 3SM ATE 4SM,59.78
159096,0,1,1,0,NAO,PROSPECT,M,1993-04-10,DE 8SM ATE 14SM,28.68
99975,2,9,6,1,NAO,PROSPECT,M,1990-02-28,DE 3SM ATE 4SM,31.80
32494,3,7,0,33,SIM,PROSPECT,M,1994-11-06,DE 3SM ATE 4SM,27.11
308684,28,54,0,233,SIM,PROSPECT,M,1987-07-28,DE 3SM ATE 4SM,34.39
209587,18,17,4,34,SIM,PROSPECT,M,1978-09-23,DE 4SM ATE 8SM,43.24
253843,0,1,3,0,NAO,PROSPECT,M,1953-07-26,DE 3SM ATE 4SM,68.41
120291,0,3,3,0,NAO,PROSPECT,M,1964-09-25,DE 3SM ATE 4SM,57.24
120720,4,12,17,0,NAO,PROSPECT,F,1980-12-30,DE 8SM ATE 14SM,40.97
329295,0,2,2,0,NAO,PROSPECT,F,1967-02-10,DE 8SM ATE 14SM,54.86
365984,0,27,6,42,NAO,PROSPECT,F,1986-11-27,DE 4SM ATE 8SM,35.05
24991,0,56,349,23,SIM,PROSPECT,M,1952-01-31,DE 4SM ATE 8SM,69.90
102671,0,7,12,0,NAO,PROSPECT,F,1979-06-05,DE 4SM ATE 8SM,42.54
215951,0,50,105,328,SIM,PROSPECT,M,1980-08-14,DE 2SM ATE 3SM,41.34
179523,2,3,0,7,SIM,PROSPECT,M,1960-08-25,DE 4SM ATE 8SM,61.33
242299,0,4,3,0,NAO,PROSPECT,F,1986-04-07,DE 4SM ATE 8SM,35.69
100196,3,1,0,0,NAO,PROSPECT,F,1977-11-11,DE 8SM ATE 14SM,44.10
128415,7,26,42,0,NAO,PROSPECT,M,1990-01-31,DE 3SM ATE 4SM,31.87
344209,0,2,0,3,NAO,PROSPECT,M,2000-01-01,DE 14SM ATE 25SM,21.95
213906,8,1,0,4,SIM,PROSPECT,F,1985-07-25,DE 3SM ATE 4SM,36.40
63103,0,1,0,0,NAO,PROSPECT,M,1981-08-05,DE 14SM ATE 25SM,40.37
242509,0,1,2,0,NAO,PROSPECT,F,1995-11-30,DE 4SM ATE 8SM,26.04
56831,7,15,10,13,SIM,PROSPECT,M,1988-04-05,DE 3SM ATE 4SM,33.70
37874,2,2,0,6,SIM,PROSPECT,M,1968-11-23,DE 4SM ATE 8SM,53.07
227041,6,22,40,0,NAO,PROSPECT,M,1947-11-14,DE 4SM ATE 8SM,74.12
343255,0,1,1,0,NAO,PROSPECT,M,1994-02-05,DE 4SM ATE 8SM,27.86
44447,16,12,0,52,SIM,PROSPECT,M,1989-05-18,DE 8SM ATE 14SM,32.58
342630,1,1,1,0,NAO,PROSPECT,F,1936-07-01,DE 8SM ATE 14SM,85.49
102075,0,13,10,0,NAO,PROSPECT,F,1992-12-20,DE 4SM ATE 8SM,28.98
205070,0,1,1,0,NAO,PROSPECT,F,1984-03-27,DE 4SM ATE 8SM,37.72
147606,46,29,10,0,NAO,PROSPECT,M,1980-08-30,ACIMA DE 25SM,41.30
176578,2,6,6,0,NAO,PROSPECT,F,1975-09-16,DE 4SM ATE 8SM,46.26
280154,1,5,5,0,NAO,PROSPECT,F,1962-10-03,DE 14SM ATE 25SM,59.22
168694,0,1,1,0,NAO,PROSPECT,M,1993-04-19,DE 4SM ATE 8SM,28.66
303165,0,1,0,0,NAO,PROSPECT,F,1969-12-07,DE 4SM ATE 8SM,52.04
222644,10,55,251,526,SIM,PROSPECT,F,1956-05-06,DE 4SM ATE 8SM,65.63
288408,0,1,2,0,NAO,PROSPECT,F,1954-09-15,DE 4SM ATE 8SM,67.27
345054,0,11,3,1,NAO,PROSPECT,M,1966-04-29,DE 3SM ATE 4SM,55.65
141834,6,30,54,0,NAO,PROSPECT,F,1984-05-01,DE 14SM ATE 25SM,37.63
212576,1,17,0,126,SIM,PROSPECT,M,1981-03-15,DE 3SM ATE 4SM,40.76
17985,0,2,3,0,NAO,PROSPECT,F,1988-11-02,DE 4SM ATE 8SM,33.12
31541,0,4,0,0,NAO,PROSPECT,F,1992-01-22,DE 3SM ATE 4SM,29.90
181253,0,6,8,2,NAO,PROSPECT,F,1957-01-26,DE 14SM ATE 25SM,64.91
121139,0,1,0,2,SIM,PROSPECT,M,1978-09-21,DE 4SM ATE 8SM,43.24
135736,0,4,4,0,NAO,PROSPECT,F,1990-06-12,DE 4SM ATE 8SM,31.51
325773,0,3,4,0,NAO,PROSPECT,M,1976-03-31,DE 8SM ATE 14SM,45.72
81789,6,51,272,454,SIM,PROSPECT,M,1981-11-27,DE 4SM ATE 8SM,40.06
178341,1,2,2,0,NAO,PROSPECT,F,1982-05-31,DE 14SM ATE 25SM,39.55
344475,0,7,0,22,SIM,PROSPECT,M,1984-01-13,DE 4SM ATE 8SM,37.93
243912,0,3,2,0,NAO,PROSPECT,F,1975-01-22,DE 8SM ATE 14SM,46.91
347744,9,35,3,205,SIM,PROSPECT,M,1981-12-11,DE 3SM ATE 4SM,40.02
341869,0,3,2,0,NAO,PROSPECT,M,1981-07-06,DE 4SM ATE 8SM,40.45
307328,17,1,1,0,NAO,PROSPECT,M,1988-07-26,DE 4SM ATE 8SM,33.39
1203,0,1,1,0,NAO,PROSPECT,M,1985-10-25,DE 14SM ATE 25SM,36.14
59924,10,19,24,0,NAO,PROSPECT,M,1986-07-31,DE 4SM ATE 8SM,35.38
283592,0,2,0,2,NAO,PROSPECT,M,1981-03-15,DE 8SM ATE 14SM,40.76
215878,5,17,23,0,NAO,PROSPECT,F,1952-05-19,DE 8SM ATE 14SM,69.60
302943,4,12,15,26,NAO,PROSPECT,F,1982-02-03,DE 14SM ATE 25SM,39.87
145657,0,4,4,0,NAO,PROSPECT,M,1976-07-04,DE 4SM ATE 8SM,45.46
359437,30,38,3,207,SIM,PROSPECT,F,1955-01-16,DE 3SM ATE 4SM,66.94
122603,50,25,22,44,NAO,PROSPECT,M,1949-06-24,DE 4SM ATE 8SM,72.51
156989,0,3,2,0,NAO,PROSPECT,F,1982-10-17,DE 3SM ATE 4SM,39.17
275659,0,55,116,210,NAO,PROSPECT,M,1962-02-22,DE 3SM ATE 4SM,59.83
11860,21,20,9,2,NAO,PROSPECT,M,1958-12-19,DE 4SM ATE 8SM,63.01
244454,0,1,2,0,NAO,PROSPECT,F,1952-07-07,DE 4SM ATE 8SM,69.47
174925,0,60,268,360,SIM,PROSPECT,M,1980-10-09,DE 14SM ATE 25SM,41.19
159018,0,5,6,0,NAO,PROSPECT,M,1980-04-30,DE 8SM ATE 14SM,41.63
43371,8,58,2,464,SIM,PROSPECT,M,1981-01-12,DE 4SM ATE 8SM,40.93
104391,0,12,8,0,NAO,PROSPECT,M,1984-03-29,DE 3SM ATE 4SM,37.72
300309,0,1,0,2,NAO,PROSPECT,F,1964-01-10,DE 4SM ATE 8SM,57.95
41255,0,4,5,0,NAO,PROSPECT,F,1971-02-16,DE 3SM ATE 4SM,50.84
352956,2,41,66,144,NAO,PROSPECT,M,2000-01-01,DE 4SM ATE 8SM,21.95
128172,0,28,130,83,SIM,PROSPECT,F,1961-04-17,DE 4SM ATE 8SM,60.68
11682,10,12,9,10,NAO,PROSPECT,M,1990-09-19,DE 2SM ATE 3SM,31.24
3747,0,3,3,0,NAO,PROSPECT,F,1985-05-09,DE 4SM ATE 8SM,36.61
184727,0,2,2,0,NAO,PROSPECT,M,1989-02-23,DE 14SM ATE 25SM,32.81
329219,1,3,5,0,NAO,PROSPECT,F,1984-05-09,DE 4SM ATE 8SM,37.61
54412,15,21,15,1,NAO,PROSPECT,M,1978-08-12,DE 4SM ATE 8SM,43.35
32789,0,13,11,14,SIM,PROSPECT,F,1996-07-02,DE 8SM ATE 14SM,25.45
155505,4,41,6,260,SIM,PROSPECT,M,1988-10-25,DE 4SM ATE 8SM,33.14
7684,2,5,6,0,NAO,PROSPECT,F,1985-09-29,DE 8SM ATE 14SM,36.21
343474,1,20,7,0,NAO,PROSPECT,M,1978-09-18,DE 4SM ATE 8SM,43.25
155227,6,17,26,0,NAO,PROSPECT,M,1967-01-08,DE 14SM ATE 25SM,54.95
80176,0,24,7,0,NAO,PROSPECT,F,2001-02-01,DE 3SM ATE 4SM,20.86
206356,0,2,3,1,NAO,PROSPECT,F,1992-01-10,DE 3SM ATE 4SM,29.93
328648,2,32,16,52,NAO,PROSPECT,M,1965-02-12,DE 8SM ATE 14SM,56.86
184212,0,1,2,0,NAO,PROSPECT,M,1948-03-03,DE 4SM ATE 8SM,73.81
271047,8,48,984,122,SIM,PROSPECT,F,1955-07-20,DE 14SM ATE 25SM,66.43
350458,6,2,0,1,SIM,PROSPECT,M,1950-09-22,DE 8SM ATE 14SM,71.26
114350,0,4,1,5,NAO,PROSPECT,M,1998-04-11,DE 3SM ATE 4SM,23.67
118330,0,1,0,0,NAO,PROSPECT,M,1971-10-10,DE 4SM ATE 8SM,50.20
297887,0,1,2,0,NAO,PROSPECT,M,1971-05-27,DE 8SM ATE 14SM,50.57
112047,0,53,386,148,SIM,PROSPECT,I,1980-11-05,DE 3SM ATE 4SM,41.12
193784,7,22,37,16,SIM,PROSPECT,M,1931-08-26,DE 4SM ATE 8SM,90.35
303598,0,2,2,0,NAO,PROSPECT,M,1984-11-11,DE 2SM ATE 3SM,37.10
204412,0,2,3,0,NAO,PROSPECT,M,1975-11-12,DE 4SM ATE 8SM,46.10
177689,0,2,2,0,NAO,PROSPECT,F,1959-07-03,DE 14SM ATE 25SM,62.47
8307,2,36,58,124,SIM,PROSPECT,F,1966-09-07,DE 4SM ATE 8SM,55.29
224832,1,5,5,0,NAO,PROSPECT,F,1962-11-26,DE 4SM ATE 8SM,59.07
229604,22,21,16,0,NAO,PROSPECT,M,1961-09-29,DE 8SM ATE 14SM,60.23
61670,10,43,0,411,SIM,PROSPECT,F,1980-03-07,DE 14SM ATE 25SM,41.78
283516,4,11,4,12,SIM,PROSPECT,M,1974-01-22,DE 8SM ATE 14SM,47.91
125633,10,3,1,0,NAO,PROSPECT,M,1977-01-26,DE 4SM ATE 8SM,44.89
194827,0,37,79,0,NAO,PROSPECT,F,1993-12-05,DE 8SM ATE 14SM,28.03
61128,0,56,266,446,SIM,PROSPECT,M,1971-03-24,DE 4SM ATE 8SM,50.74
196487,0,1,1,0,NAO,PROSPECT,M,1978-01-23,DE 3SM ATE 4SM,43.90
81613,6,5,10,0,NAO,PROSPECT,F,1982-05-18,DE 4SM ATE 8SM,39.58
296797,0,1,1,0,NAO,PROSPECT,M,1963-01-11,DE 4SM ATE 8SM,58.95
364832,4,10,3,8,NAO,PROSPECT,F,1978-03-17,DE 4SM ATE 8SM,43.76
359150,0,60,604,934,SIM,PROSPECT,M,1969-06-16,DE 3SM ATE 4SM,52.51
247294,4,1,1,0,NAO,PROSPECT,M,1986-03-22,DE 8SM ATE 14SM,35.74
277948,0,3,2,0,NAO,PROSPECT,M,1983-11-23,DE 8SM ATE 14SM,38.07
281803,42,60,0,325,SIM,PROSPECT,M,1989-07-29,DE 3SM ATE 4SM,32.38
172391,0,8,0,24,SIM,PROSPECT,M,1976-12-16,DE 8SM ATE 14SM,45.01
185797,0,5,2,6,NAO,PROSPECT,F,1978-11-05,DE 8SM ATE 14SM,43.12
354140,1,52,255,342,SIM,PROSPECT,F,1974-05-16,DE 8SM ATE 14SM,47.60
147098,0,3,2,1,NAO,PROSPECT,M,1986-06-14,DE 3SM ATE 4SM,35.51
74979,0,3,3,0,NAO,PROSPECT,F,1995-06-05,DE 8SM ATE 14SM,26.53
325432,0,10,4,0,NAO,PROSPECT,M,1980-04-30,DE 8SM ATE 14SM,41.63
290956,0,4,3,1,NAO,PROSPECT,F,1984-06-08,DE 4SM ATE 8SM,37.52
278811,0,3,3,0,NAO,PROSPECT,M,1970-12-17,DE 3SM ATE 4SM,51.01
179133,0,5,6,0,NAO,PROSPECT,F,1978-04-26,DE 4SM ATE 8SM,43.65
283285,6,8,5,0,NAO,PROSPECT,M,1959-08-15,DE 4SM ATE 8SM,62.36
93603,6,57,290,749,SIM,PROSPECT,F,1952-08-24,DE 8SM ATE 14SM,69.34
277272,34,32,0,180,SIM,PROSPECT,M,1962-01-30,DE 4SM ATE 8SM,59.89
30537,2,10,7,0,NAO,PROSPECT,F,1980-10-23,DE 8SM ATE 14SM,41.15
53846,0,6,4,0,NAO,PROSPECT,F,1949-06-27,DE 3SM ATE 4SM,72.50
247905,0,13,25,0,NAO,PROSPECT,M,1973-11-19,DE 14SM ATE 25SM,48.08
61588,0,57,413,573,SIM,PROSPECT,F,1979-12-02,DE 3SM ATE 4SM,42.04
365335,0,3,1,0,NAO,PROSPECT,F,1985-03-20,DE 8SM ATE 14SM,36.74
111088,2,2,4,0,NAO,PROSPECT,M,1995-10-07,DE 3SM ATE 4SM,26.19
51712,13,21,35,2,NAO,PROSPECT,M,1983-06-10,DE 4SM ATE 8SM,38.52
220860,0,20,1,40,NAO,PROSPECT,M,1984-03-01,DE 4SM ATE 8SM,37.80
325143,0,6,6,0,NAO,PROSPECT,M,1984-02-04,DE 8SM ATE 14SM,37.87
7068,2,5,0,7,SIM,PROSPECT,M,1979-07-12,DE 4SM ATE 8SM,42.44
140441,0,45,107,4,NAO,PROSPECT,F,1976-11-24,DE 4SM ATE 8SM,45.07
8136,2,8,0,22,SIM,PROSPECT,M,1982-03-04,DE 3SM ATE 4SM,39.79
300635,0,55,349,88,SIM,PROSPECT,M,1975-10-24,DE 4SM ATE 8SM,46.15
3915,0,1,1,2,NAO,PROSPECT,M,1990-09-17,DE 3SM ATE 4SM,31.24
257367,0,54,247,174,NAO,PROSPECT,M,1982-07-17,DE 4SM ATE 8SM,39.42
193866,0,2,2,0,NAO,PROSPECT,F,1983-08-21,DE 14SM ATE 25SM,38.32
344646,0,2,3,0,NAO,PROSPECT,F,1986-06-11,DE 4SM ATE 8SM,35.52
273526,0,2,2,0,NAO,PROSPECT,M,1982-06-11,DE 4SM ATE 8SM,39.52
36291,3,1,1,0,NAO,PROSPECT,F,1971-08-22,DE 3SM ATE 4SM,50.33
23617,0,2,0,0,NAO,PROSPECT,F,1984-07-02,DE 4SM ATE 8SM,37.46
70861,0,2,1,0,NAO,PROSPECT,F,1991-02-04,DE 4SM ATE 8SM,30.86
166578,0,35,7,64,NAO,PROSPECT,M,1987-06-08,DE 4SM ATE 8SM,34.52
237973,0,15,5,2,NAO,PROSPECT,M,1984-04-21,DE 4SM ATE 8SM,37.66
342746,0,2,2,0,NAO,PROSPECT,M,1965-08-26,DE 8SM ATE 14SM,56.32
65369,0,4,5,0,NAO,PROSPECT,F,1990-12-22,DE 4SM ATE 8SM,30.98
65360,30,14,12,2,NAO,PROSPECT,M,1980-08-09,DE 4SM ATE 8SM,41.36
194724,30,11,14,0,NAO,PROSPECT,M,1969-02-07,DE 3SM ATE 4SM,52.87
344782,0,12,17,0,NAO,PROSPECT,F,1992-04-28,DE 3SM ATE 4SM,29.63
96014,0,11,4,0,NAO,PROSPECT,F,1979-03-20,DE 8SM ATE 14SM,42.75
339134,0,13,15,0,NAO,PROSPECT,F,1991-07-09,DE 8SM ATE 14SM,30.44
81148,4,20,22,0,NAO,PROSPECT,F,1994-06-07,DE 4SM ATE 8SM,27.52
194923,0,3,3,2,NAO,PROSPECT,M,1962-02-13,DE 8SM ATE 14SM,59.86
95122,4,14,0,21,SIM,PROSPECT,M,1983-06-24,DE 14SM ATE 25SM,38.48
172892,4,33,0,334,SIM,PROSPECT,F,1993-06-13,DE 4SM ATE 8SM,28.51
179206,47,55,24,186,NAO,PROSPECT,F,1956-12-16,DE 8SM ATE 14SM,65.02
222999,0,10,12,56,SIM,PROSPECT,M,1983-04-29,DE 14SM ATE 25SM,38.64
204138,0,6,7,0,NAO,PROSPECT,M,1979-02-16,DE 3SM ATE 4SM,42.84
303843,7,5,0,31,SIM,PROSPECT,F,1979-01-01,DE 4SM ATE 8SM,42.96
215482,84,24,12,3,NAO,PROSPECT,F,1964-08-03,DE 4SM ATE 8SM,57.38
215101,894,40,206,69,NAO,PROSPECT,F,1986-12-31,DE 4SM ATE 8SM,34.96
120225,0,5,4,0,NAO,PROSPECT,M,1974-09-29,DE 8SM ATE 14SM,47.22
62530,0,18,37,0,NAO,PROSPECT,M,1981-09-03,DE 4SM ATE 8SM,40.29
81232,0,2,4,0,NAO,PROSPECT,M,1983-01-10,ACIMA DE 25SM,38.94
125348,0,6,0,0,NAO,PROSPECT,M,1976-04-20,DE 4SM ATE 8SM,45.66
361886,0,2,2,0,NAO,PROSPECT,M,2000-01-01,DE 4SM ATE 8SM,21.95
215422,43,48,0,362,SIM,PROSPECT,M,1965-10-04,DE 4SM ATE 8SM,56.21
354982,0,57,214,447,SIM,PROSPECT,F,1978-10-22,ACIMA DE 25SM,43.16
182521,12,7,13,1,NAO,PROSPECT,M,1980-11-23,DE 4SM ATE 8SM,41.07
74921,1,19,46,1,NAO,PROSPECT,M,1956-12-15,DE 3SM ATE 4SM,65.02
217251,0,1,0,0,NAO,PROSPECT,M,1939-03-16,DE 2SM ATE 3SM,82.79
245894,0,11,12,1,NAO,PROSPECT,M,1990-08-24,DE 3SM ATE 4SM,31.31
273828,1,6,5,3,NAO,PROSPECT,F,1951-03-08,DE 3SM ATE 4SM,70.80
125223,8,13,12,4,NAO,PROSPECT,F,1987-10-21,DE 4SM ATE 8SM,34.15
166366,3,6,5,3,NAO,PROSPECT,M,1987-04-18,DE 8SM ATE 14SM,34.66
276088,0,1,0,0,NAO,PROSPECT,M,1968-05-12,DE 8SM ATE 14SM,53.61
15101,0,60,426,187,NAO,PROSPECT,F,1982-09-27,DE 8SM ATE 14SM,39.22
331597,0,1,1,0,NAO,PROSPECT,M,1990-11-06,DE 3SM ATE 4SM,31.11
54341,2,12,7,15,NAO,PROSPECT,F,1985-06-15,DE 4SM ATE 8SM,36.51
340825,2,35,9,63,NAO,PROSPECT,I,1945-01-02,DE 8SM ATE 14SM,76.98
242378,0,2,2,0,NAO,PROSPECT,F,1974-12-08,DE 8SM ATE 14SM,47.03
285335,0,13,15,5,NAO,PROSPECT,F,1983-10-25,ACIMA DE 25SM,38.15
288479,0,2,0,0,NAO,PROSPECT,M,1961-09-07,DE 4SM ATE 8SM,60.29
50414,0,3,4,0,NAO,PROSPECT,F,1982-08-10,DE 4SM ATE 8SM,39.35
347890,0,55,314,18,NAO,PROSPECT,F,1970-07-14,DE 4SM ATE 8SM,51.44
118417,0,6,6,0,NAO,PROSPECT,M,1986-10-04,DE 8SM ATE 14SM,35.20
145011,0,26,69,9,NAO,PROSPECT,M,1960-06-29,DE 14SM ATE 25SM,61.48
321938,2,5,4,14,SIM,PROSPECT,F,1966-03-14,DE 3SM ATE 4SM,55.77
181291,3,32,42,0,NAO,PROSPECT,F,1959-11-07,DE 4SM ATE 8SM,62.13
212494,0,55,116,352,SIM,PROSPECT,M,1961-04-14,DE 3SM ATE 4SM,60.69
135280,8,25,36,0,NAO,PROSPECT,F,1972-08-14,DE 4SM ATE 8SM,49.35
170015,10,21,0,32,SIM,PROSPECT,F,2000-01-01,DE 14SM ATE 25SM,21.95
38738,0,2,3,0,NAO,PROSPECT,M,1976-02-19,DE 8SM ATE 14SM,45.83
184896,0,5,3,0,NAO,PROSPECT,M,1987-03-01,DE 8SM ATE 14SM,34.80
299411,0,13,20,0,NAO,PROSPECT,M,1985-01-05,DE 8SM ATE 14SM,36.95
142706,0,10,19,0,NAO,PROSPECT,F,1988-04-19,DE 4SM ATE 8SM,33.66
363801,0,2,0,6,SIM,PROSPECT,M,1950-01-04,DE 2SM ATE 3SM,71.97
366015,0,1,1,0,NAO,PROSPECT,M,1960-09-22,ACIMA DE 25SM,61.25
365635,167,60,0,2963,SIM,PROSPECT,M,1958-06-03,DE 4SM ATE 8SM,63.56
281929,1,18,0,37,SIM,PROSPECT,M,1983-04-17,DE 8SM ATE 14SM,38.67
239988,0,34,98,136,SIM,PROSPECT,M,1953-12-03,DE 4SM ATE 8SM,68.06
235531,0,3,0,3,NAO,PROSPECT,M,1991-10-14,DE 8SM ATE 14SM,30.17
65968,36,31,35,36,SIM,PROSPECT,M,1964-10-04,DE 8SM ATE 14SM,57.21
45,0,11,18,0,NAO,PROSPECT,M,1987-01-14,DE 4SM ATE 8SM,34.92
67809,0,1,1,0,NAO,PROSPECT,M,1983-02-01,DE 8SM ATE 14SM,38.87
213111,32,20,16,0,NAO,PROSPECT,M,1980-08-04,DE 14SM ATE 25SM,41.37
226895,0,57,87,391,SIM,PROSPECT,M,1983-04-28,DE 4SM ATE 8SM,38.64
94233,10,54,6,131,NAO,PROSPECT,M,1970-05-10,DE 4SM ATE 8SM,51.61
67030,0,23,0,55,SIM,PROSPECT,M,1974-12-01,DE 3SM ATE 4SM,47.05
295046,8,8,17,0,NAO,PROSPECT,F,1975-10-24,DE 3SM ATE 4SM,46.15
70478,0,1,0,0,NAO,PROSPECT,M,1960-04-19,DE 3SM ATE 4SM,61.68
330755,141,35,0,223,SIM,PROSPECT,I,1955-01-07,DE 4SM ATE 8SM,66.96
352112,76,23,14,4,NAO,PROSPECT,M,1966-12-14,DE 14SM ATE 25SM,55.02
28029,7,7,0,20,SIM,PROSPECT,M,1958-10-22,DE 8SM ATE 14SM,63.17
191479,2,4,6,0,NAO,PROSPECT,M,1976-11-30,DE 3SM ATE 4SM,45.05
166478,3,10,2,30,SIM,PROSPECT,M,1991-01-15,DE 3SM ATE 4SM,30.92
70034,7,5,3,10,NAO,PROSPECT,M,1957-04-22,DE 14SM ATE 25SM,64.67
116434,0,24,38,0,NAO,PROSPECT,F,1939-07-22,DE 8SM ATE 14SM,82.44
224196,0,1,0,0,NAO,PROSPECT,M,1977-10-06,DE 4SM ATE 8SM,44.20
252664,0,23,13,0,NAO,PROSPECT,M,1952-01-12,DE 4SM ATE 8SM,69.95
7473,0,51,102,106,NAO,PROSPECT,M,1961-01-05,DE 4SM ATE 8SM,60.96
269216,0,1,1,0,NAO,PROSPECT,F,1976-08-20,DE 8SM ATE 14SM,45.33
324421,0,11,6,0,NAO,PROSPECT,M,1964-06-05,DE 4SM ATE 8SM,57.55
269723,0,60,334,206,SIM,PROSPECT,F,1972-03-25,DE 8SM ATE 14SM,49.74
45236,0,1,1,0,NAO,PROSPECT,M,1977-07-17,ACIMA DE 25SM,44.42
98054,0,13,6,0,NAO,PROSPECT,F,1989-09-19,ACIMA DE 25SM,32.24
261271,0,38,58,0,NAO,PROSPECT,M,1974-07-13,DE 2SM ATE 3SM,47.44
176949,0,21,36,0,NAO,PROSPECT,M,1981-07-02,DE 14SM ATE 25SM,40.46
84950,0,1,1,0,NAO,PROSPECT,M,1961-11-21,DE 4SM ATE 8SM,60.09
78473,24,10,3,20,SIM,PROSPECT,M,1961-04-08,DE 4SM ATE 8SM,60.71
147695,1,12,16,0,NAO,PROSPECT,F,1986-07-01,DE 4SM ATE 8SM,35.46
62162,6,12,0,47,SIM,PROSPECT,M,1990-06-28,DE 3SM ATE 4SM,31.47
236395,0,8,8,0,NAO,PROSPECT,M,1982-05-25,DE 3SM ATE 4SM,39.57
182365,0,1,1,0,NAO,PROSPECT,F,1974-03-14,DE 3SM ATE 4SM,47.77
118852,8,9,0,11,SIM,PROSPECT,M,1984-03-24,DE 4SM ATE 8SM,37.73
124470,9,1,4,0,NAO,PROSPECT,F,1984-07-21,DE 4SM ATE 8SM,37.41
33413,0,1,1,0,NAO,PROSPECT,M,1986-03-14,DE 3SM ATE 4SM,35.76
64073,2,22,0,84,SIM,PROSPECT,M,2000-01-01,DE 4SM ATE 8SM,21.95
229515,6,8,6,1,NAO,PROSPECT,M,1997-11-24,DE 3SM ATE 4SM,24.05
288025,0,44,3,1,NAO,PROSPECT,F,1967-04-02,DE 4SM ATE 8SM,54.72
123102,2,2,0,0,NAO,PROSPECT,M,1937-08-12,DE 3SM ATE 4SM,84.38
338783,0,12,27,0,NAO,PROSPECT,F,1957-05-11,DE 3SM ATE 4SM,64.62
319167,5,17,0,91,SIM,PROSPECT,M,1986-08-15,DE 14SM ATE 25SM,35.34
303407,0,12,7,8,NAO,PROSPECT,M,1993-07-30,DE 14SM ATE 25SM,28.38
133123,0,1,1,0,NAO,PROSPECT,F,1991-03-12,DE 3SM ATE 4SM,30.76
356440,4,17,8,27,NAO,PROSPECT,M,1973-08-05,DE 2SM ATE 3SM,48.37
76541,0,1,1,0,NAO,PROSPECT,F,1984-09-27,DE 4SM ATE 8SM,37.22
114098,0,34,164,1,NAO,PROSPECT,M,1984-11-12,DE 3SM ATE 4SM,37.09
239660,0,4,3,0,NAO,PROSPECT,F,1978-05-05,DE 4SM ATE 8SM,43.62
132548,0,2,2,0,NAO,PROSPECT,M,1990-01-18,DE 3SM ATE 4SM,31.91
118426,0,27,103,45,NAO,PROSPECT,M,1973-07-07,DE 8SM ATE 14SM,48.45
204983,1,2,1,0,NAO,PROSPECT,F,1971-01-12,DE 4SM ATE 8SM,50.94
17573,6,11,12,0,NAO,PROSPECT,F,1972-02-08,DE 4SM ATE 8SM,49.86
240951,70,58,52,147,NAO,PROSPECT,F,1988-10-31,DE 4SM ATE 8SM,33.12
4502,36,19,0,147,SIM,PROSPECT,M,1948-02-21,DE 4SM ATE 8SM,73.84
137968,0,43,126,6,NAO,PROSPECT,F,1956-01-04,DE 4SM ATE 8SM,65.97
52359,22,14,7,9,NAO,PROSPECT,F,1987-12-13,DE 3SM ATE 4SM,34.01
221005,0,3,2,1,NAO,PROSPECT,F,1956-11-13,DE 8SM ATE 14SM,65.11
281781,31,30,57,0,NAO,PROSPECT,F,1986-06-10,DE 4SM ATE 8SM,35.52
66687,0,1,1,1,NAO,PROSPECT,M,1991-09-02,ATE 1SM,30.29
202227,0,21,25,0,NAO,PROSPECT,F,1987-05-08,DE 8SM ATE 14SM,34.61
351365,0,5,5,0,NAO,PROSPECT,M,1981-04-05,DE 3SM ATE 4SM,40.70
152803,0,7,5,0,NAO,PROSPECT,F,1991-09-29,DE 3SM ATE 4SM,30.21
114455,0,60,675,496,NAO,PROSPECT,F,1958-10-22,DE 3SM ATE 4SM,63.17
158987,0,2,1,1,SIM,PROSPECT,F,1983-12-29,DE 8SM ATE 14SM,37.97
133356,0,5,7,0,NAO,PROSPECT,F,1980-06-22,DE 8SM ATE 14SM,41.49
98629,4,6,9,0,NAO,PROSPECT,I,1987-08-11,DE 4SM ATE 8SM,34.35
158852,0,4,2,0,NAO,PROSPECT,F,1985-08-19,DE 2SM ATE 3SM,36.33
183390,0,4,3,0,NAO,PROSPECT,M,1988-08-22,DE 3SM ATE 4SM,33.32
91125,4,5,4,0,NAO,PROSPECT,F,1985-01-11,DE 3SM ATE 4SM,36.93
165958,0,3,2,0,NAO,PROSPECT,F,1992-07-06,DE 3SM ATE 4SM,29.44
289689,1,4,0,18,SIM,PROSPECT,F,1949-03-21,DE 3SM ATE 4SM,72.77
23955,0,3,0,2,NAO,PROSPECT,M,1965-03-21,DE 2SM ATE 3SM,56.75
11702,0,1,2,0,NAO,PROSPECT,F,1974-06-14,DE 2SM ATE 3SM,47.52
195898,0,8,9,0,NAO,PROSPECT,I,1976-02-02,DE 3SM ATE 4SM,45.88
83938,0,5,5,0,NAO,PROSPECT,M,1958-07-13,DE 3SM ATE 4SM,63.45
51077,0,52,37,175,SIM,PROSPECT,M,1973-01-01,DE 8SM ATE 14SM,48.97
82130,0,6,3,0,NAO,PROSPECT,F,1981-11-10,DE 4SM ATE 8SM,40.10
286538,0,1,1,0,NAO,PROSPECT,F,1984-12-21,DE 3SM ATE 4SM,36.99
95245,1,7,0,15,SIM,PROSPECT,M,1983-04-17,DE 8SM ATE 14SM,38.67
329506,0,45,74,81,SIM,PROSPECT,M,2000-01-01,DE 4SM ATE 8SM,21.95
207654,1,56,663,641,SIM,PROSPECT,F,1985-05-06,DE 4SM ATE 8SM,36.61
293520,4,8,0,13,SIM,PROSPECT,M,1980-10-12,DE 4SM ATE 8SM,41.18
178128,0,3,1,0,NAO,PROSPECT,F,1976-03-26,DE 8SM ATE 14SM,45.73
257561,0,3,4,0,NAO,PROSPECT,M,1970-12-22,DE 4SM ATE 8SM,51.00
253947,0,29,53,27,SIM,PROSPECT,F,1974-02-14,DE 14SM ATE 25SM,47.84
41997,0,7,3,0,NAO,PROSPECT,M,1977-10-05,DE 3SM ATE 4SM,44.20
68160,0,40,5,0,NAO,PROSPECT,M,1975-02-18,DE 3SM ATE 4SM,46.83
75671,0,2,0,0,NAO,PROSPECT,M,1984-12-28,DE 3SM ATE 4SM,36.97
167489,46,39,21,0,NAO,PROSPECT,M,1986-03-12,DE 8SM ATE 14SM,35.77
120686,38,24,11,6,NAO,PROSPECT,M,1973-09-29,DE 4SM ATE 8SM,48.22
75299,0,4,2,4,NAO,PROSPECT,F,1966-02-22,DE 2SM ATE 3SM,55.83
92281,3,15,19,0,NAO,PROSPECT,M,1991-05-23,DE 3SM ATE 4SM,30.57
175462,0,4,2,6,NAO,PROSPECT,M,1977-05-18,DE 3SM ATE 4SM,44.59
56923,123,47,0,383,SIM,PROSPECT,F,1980-11-13,DE 3SM ATE 4SM,41.09
102132,0,2,3,0,NAO,PROSPECT,M,1953-08-07,DE 4SM ATE 8SM,68.38
207977,0,6,4,0,NAO,PROSPECT,F,1971-11-30,DE 8SM ATE 14SM,50.06
162404,1,1,0,0,NAO,PROSPECT,I,1966-03-09,DE 4SM ATE 8SM,55.79
306515,4,2,0,1,SIM,PROSPECT,F,1959-02-10,ACIMA DE 25SM,62.87
212522,7,19,22,3,NAO,PROSPECT,F,2000-01-01,DE 8SM ATE 14SM,21.95
90119,0,7,3,1,NAO,PROSPECT,M,1983-10-26,DE 3SM ATE 4SM,38.14
29824,88,48,83,0,NAO,PROSPECT,M,1974-01-04,DE 14SM ATE 25SM,47.96
79556,0,2,1,0,NAO,PROSPECT,F,1988-12-24,DE 3SM ATE 4SM,32.98
51188,4,31,70,23,SIM,PROSPECT,M,1999-12-04,DE 4SM ATE 8SM,22.03
55427,4,5,0,34,SIM,PROSPECT,M,1981-08-27,DE 4SM ATE 8SM,40.31
122854,18,5,0,26,SIM,PROSPECT,M,1982-07-24,DE 14SM ATE 25SM,39.40
175500,0,2,2,0,NAO,PROSPECT,F,1990-10-13,DE 2SM ATE 3SM,31.17
368605,0,1,1,0,NAO,PROSPECT,M,1976-11-02,DE 3SM ATE 4SM,45.13
153325,0,1,0,0,NAO,PROSPECT,F,1962-06-24,DE 4SM ATE 8SM,59.50
328612,0,10,0,40,SIM,PROSPECT,M,1971-11-15,DE 4SM ATE 8SM,50.10
170458,46,40,0,172,SIM,PROSPECT,M,1959-08-20,DE 4SM ATE 8SM,62.34
135046,0,20,26,0,NAO,PROSPECT,F,1976-02-25,DE 4SM ATE 8SM,45.81
58784,0,2,2,0,NAO,PROSPECT,M,1973-12-14,DE 14SM ATE 25SM,48.01
244164,27,28,99,149,SIM,PROSPECT,F,1965-03-02,DE 8SM ATE 14SM,56.81
284533,1,2,6,3,NAO,PROSPECT,F,1988-01-18,DE 4SM ATE 8SM,33.91
276273,3,3,0,4,SIM,PROSPECT,F,1989-09-30,DE 8SM ATE 14SM,32.21
128394,0,39,55,0,NAO,PROSPECT,F,1984-01-24,DE 3SM ATE 4SM,37.90
55374,0,54,199,166,SIM,PROSPECT,M,1963-09-10,DE 3SM ATE 4SM,58.28
155248,11,23,46,0,NAO,PROSPECT,M,1991-03-13,DE 3SM ATE 4SM,30.76
258246,0,7,2,0,NAO,PROSPECT,M,1989-05-08,DE 4SM ATE 8SM,32.61
63115,0,1,0,0,NAO,PROSPECT,F,1969-07-08,DE 3SM ATE 4SM,52.45
265319,0,1,0,0,NAO,PROSPECT,M,1979-11-23,DE 8SM ATE 14SM,42.07
45993,37,21,15,0,NAO,PROSPECT,M,1978-05-27,DE 3SM ATE 4SM,43.56
25036,0,1,0,0,NAO,PROSPECT,F,1997-09-25,DE 4SM ATE 8SM,24.22
92164,0,2,3,0,NAO,PROSPECT,M,1975-03-09,DE 4SM ATE 8SM,46.78
10141,0,1,2,0,NAO,PROSPECT,F,1983-07-23,DE 3SM ATE 4SM,38.40
189568,0,1,2,0,NAO,PROSPECT,F,1971-04-09,DE 8SM ATE 14SM,50.70
295947,34,47,0,113,SIM,PROSPECT,M,1969-09-17,DE 3SM ATE 4SM,52.26
18134,1,4,2,1,NAO,PROSPECT,M,1974-01-25,DE 8SM ATE 14SM,47.90
292533,0,1,0,0,NAO,PROSPECT,F,1987-12-21,DE 4SM ATE 8SM,33.99
218168,0,6,0,6,NAO,PROSPECT,M,1983-04-05,DE 3SM ATE 4SM,38.70
181096,1,4,4,0,NAO,PROSPECT,M,2000-01-01,DE 3SM ATE 4SM,21.95
126887,8,35,19,45,NAO,PROSPECT,M,1981-02-23,ATE 1SM,40.81
344105,0,4,3,4,NAO,PROSPECT,M,1985-02-25,DE 4SM ATE 8SM,36.81
15759,24,14,0,17,SIM,PROSPECT,M,1980-01-08,DE 4SM ATE 8SM,41.94
181478,8,49,4,503,SIM,PROSPECT,M,1987-11-15,DE 4SM ATE 8SM,34.09
118367,0,2,1,0,NAO,PROSPECT,I,1963-12-17,DE 4SM ATE 8SM,58.01
28064,4,1,0,4,SIM,PROSPECT,F,1982-05-06,DE 8SM ATE 14SM,39.62
214812,8,16,6,12,SIM,PROSPECT,F,1949-09-23,DE 4SM ATE 8SM,72.26
161324,0,20,41,79,SIM,PROSPECT,M,2001-02-01,DE 4SM ATE 8SM,20.86
183665,0,45,161,51,NAO,PROSPECT,M,1985-09-25,DE 4SM ATE 8SM,36.23
330019,9,5,14,1,NAO,PROSPECT,M,1942-08-25,DE 2SM ATE 3SM,79.34
267473,0,4,4,5,NAO,PROSPECT,M,1985-07-11,DE 4SM ATE 8SM,36.43
334327,0,8,5,0,NAO,PROSPECT,F,1981-05-10,DE 4SM ATE 8SM,40.61
51417,0,38,224,193,NAO,PROSPECT,F,1990-11-25,DE 3SM ATE 4SM,31.06
170102,0,2,1,0,NAO,PROSPECT,F,1984-08-23,DE 4SM ATE 8SM,37.32
317447,0,6,7,0,NAO,PROSPECT,M,1991-03-20,DE 3SM ATE 4SM,30.74
212467,0,5,6,0,NAO,PROSPECT,F,1999-08-30,DE 3SM ATE 4SM,22.29
267764,2,18,11,0,NAO,PROSPECT,M,1961-04-29,DE 8SM ATE 14SM,60.65
262033,0,60,748,1244,SIM,PROSPECT,M,1951-05-02,ACIMA DE 25SM,70.65
181876,0,1,1,0,NAO,PROSPECT,F,1970-12-05,DE 3SM ATE 4SM,51.04
264724,0,4,4,0,NAO,PROSPECT,F,1986-03-09,DE 8SM ATE 14SM,35.77
324651,69,40,21,2,NAO,PROSPECT,M,1978-10-31,DE 3SM ATE 4SM,43.13
167280,0,10,11,0,NAO,PROSPECT,M,1967-11-03,DE 3SM ATE 4SM,54.13
32436,0,1,1,0,NAO,PROSPECT,F,1960-06-28,DE 3SM ATE 4SM,61.49
328018,3,2,0,1,SIM,PROSPECT,F,1988-12-11,DE 2SM ATE 3SM,33.01
39040,0,6,3,4,NAO,PROSPECT,M,1993-03-16,DE 3SM ATE 4SM,28.75
48848,0,1,0,0,NAO,PROSPECT,F,1986-04-23,DE 4SM ATE 8SM,35.65
87463,0,6,5,0,NAO,PROSPECT,M,1988-04-06,DE 8SM ATE 14SM,33.69
358954,80,34,12,0,NAO,PROSPECT,F,1974-07-31,DE 3SM ATE 4SM,47.39
291805,12,29,57,0,NAO,PROSPECT,M,1985-01-01,DE 3SM ATE 4SM,36.96
244355,5,11,0,68,SIM,PROSPECT,F,1955-07-02,DE 4SM ATE 8SM,66.48
361583,0,1,1,0,NAO,PROSPECT,M,1963-05-31,DE 14SM ATE 25SM,58.56
129282,14,21,24,0,NAO,PROSPECT,M,1960-01-12,DE 3SM ATE 4SM,61.95
22878,0,4,6,0,NAO,PROSPECT,F,1979-09-17,DE 3SM ATE 4SM,42.25
369696,0,35,9,0,NAO,PROSPECT,M,1984-11-10,DE 8SM ATE 14SM,37.10
93828,0,2,0,1,NAO,PROSPECT,I,1965-10-22,DE 8SM ATE 14SM,56.17
327277,0,1,1,0,NAO,PROSPECT,F,1987-07-01,DE 8SM ATE 14SM,34.46
67713,3,7,8,0,NAO,PROSPECT,M,1950-04-22,DE 4SM ATE 8SM,71.68
253370,55,29,7,84,NAO,PROSPECT,M,1966-04-28,DE 4SM ATE 8SM,55.65
230668,30,13,0,102,SIM,PROSPECT,M,1981-11-05,DE 3SM ATE 4SM,40.12
140565,0,5,1,0,NAO,PROSPECT,M,1953-09-01,DE 3SM ATE 4SM,68.31
68057,0,3,4,0,NAO,PROSPECT,M,1976-08-16,DE 3SM ATE 4SM,45.34
124020,0,7,11,0,NAO,PROSPECT,M,1987-05-30,DE 8SM ATE 14SM,34.55
356659,0,9,6,0,NAO,PROSPECT,M,1965-12-28,DE 8SM ATE 14SM,55.98
283182,0,48,159,0,NAO,PROSPECT,M,1967-03-21,DE 3SM ATE 4SM,54.75
115583,0,38,68,12,NAO,PROSPECT,M,1990-05-07,DE 3SM ATE 4SM,31.61
108301,0,59,850,0,NAO,PROSPECT,M,1979-01-20,DE 8SM ATE 14SM,42.91
132461,3,6,0,9,SIM,PROSPECT,M,1986-06-08,DE 2SM ATE 3SM,35.52
222167,0,49,182,9,SIM,PROSPECT,M,1983-12-31,DE 14SM ATE 25SM,37.96
111451,8,21,0,134,SIM,PROSPECT,M,1983-12-31,DE 4SM ATE 8SM,37.96
246784,0,2,2,0,NAO,PROSPECT,F,1981-05-09,DE 3SM ATE 4SM,40.61
187037,8,12,20,0,NAO,PROSPECT,M,1960-03-28,DE 3SM ATE 4SM,61.74
347016,0,2,1,0,NAO,PROSPECT,M,1980-06-05,DE 14SM ATE 25SM,41.54
227426,0,4,1,0,NAO,PROSPECT,F,1986-11-06,DE 4SM ATE 8SM,35.11
146353,0,3,3,0,NAO,PROSPECT,F,1984-10-13,DE 4SM ATE 8SM,37.18
46251,8,10,0,56,SIM,PROSPECT,M,1977-04-05,DE 8SM ATE 14SM,44.71
293828,0,3,5,2,NAO,PROSPECT,F,1936-04-07,DE 3SM ATE 4SM,85.73
43230,0,28,29,59,SIM,PROSPECT,F,1985-10-08,DE 3SM ATE 4SM,36.19
59083,20,14,8,39,NAO,PROSPECT,F,1981-03-12,DE 8SM ATE 14SM,40.77
352363,0,4,4,2,NAO,PROSPECT,M,1965-10-31,DE 4SM ATE 8SM,56.14
263655,1,4,7,0,NAO,PROSPECT,F,1970-01-05,DE 4SM ATE 8SM,51.96
218216,0,1,1,0,NAO,PROSPECT,M,1978-12-08,DE 8SM ATE 14SM,43.03
362499,0,1,6,0,NAO,PROSPECT,F,1972-01-24,DE 4SM ATE 8SM,49.91
227963,2,59,177,892,SIM,PROSPECT,M,1967-09-26,DE 8SM ATE 14SM,54.24
268168,202,55,51,335,SIM,PROSPECT,M,1961-10-12,DE 4SM ATE 8SM,60.20
46897,0,1,1,0,NAO,PROSPECT,F,1989-06-24,DE 4SM ATE 8SM,32.48
60620,0,1,1,0,NAO,PROSPECT,M,1977-09-20,DE 3SM ATE 4SM,44.24
275192,0,2,1,0,NAO,PROSPECT,M,2000-01-01,DE 3SM ATE 4SM,21.95
287013,0,5,5,0,NAO,PROSPECT,I,1982-09-02,DE 8SM ATE 14SM,39.29
191947,0,34,9,3,NAO,PROSPECT,M,1980-08-01,DE 8SM ATE 14SM,41.38
106109,0,59,490,11,NAO,PROSPECT,F,1980-10-13,DE 3SM ATE 4SM,41.18
52781,6,25,7,65,SIM,PROSPECT,F,1986-09-07,DE 4SM ATE 8SM,35.27
133076,0,1,0,0,NAO,PROSPECT,M,2000-01-01,DE 4SM ATE 8SM,21.95
186504,1,36,69,1,NAO,PROSPECT,M,1989-09-06,DE 4SM ATE 8SM,32.27
185722,0,12,11,0,NAO,PROSPECT,M,1983-09-09,DE 3SM ATE 4SM,38.27
273484,10,8,10,0,NAO,PROSPECT,M,1976-01-07,DE 2SM ATE 3SM,45.95
324456,3,5,2,1,NAO,PROSPECT,M,1978-09-08,DE 8SM ATE 14SM,43.28
321272,0,1,1,0,NAO,PROSPECT,M,1982-10-04,DE 3SM ATE 4SM,39.20
73396,0,60,1773,1383,SIM,PROSPECT,M,1990-08-10,DE 3SM ATE 4SM,31.35
364570,0,1,0,1,NAO,PROSPECT,M,1978-12-24,DE 8SM ATE 14SM,42.98
327264,28,41,13,117,NAO,PROSPECT,M,1959-02-10,DE 3SM ATE 4SM,62.87
274666,0,1,1,0,NAO,PROSPECT,F,1980-04-06,DE 8SM ATE 14SM,41.70
70191,0,3,3,0,NAO,PROSPECT,F,1982-12-27,DE 4SM ATE 8SM,38.97
200342,0,2,2,0,NAO,PROSPECT,M,1965-11-11,DE 2SM ATE 3SM,56.11
269629,0,16,29,64,SIM,PROSPECT,M,1985-09-10,DE 8SM ATE 14SM,36.27
359789,0,1,1,0,NAO,PROSPECT,M,1987-05-28,DE 8SM ATE 14SM,34.55
29627,0,1,0,0,NAO,PROSPECT,M,1981-10-27,DE 3SM ATE 4SM,40.14
314033,2,4,6,1,NAO,PROSPECT,F,1989-02-23,DE 4SM ATE 8SM,32.81
364015,0,17,19,0,NAO,PROSPECT,M,1983-02-15,DE 4SM ATE 8SM,38.84
279049,0,2,2,0,NAO,PROSPECT,F,1989-04-20,DE 4SM ATE 8SM,32.66
58535,40,26,8,46,SIM,PROSPECT,M,1986-04-20,DE 3SM ATE 4SM,35.66
370379,1,4,2,1,NAO,PROSPECT,F,1986-05-23,DE 4SM ATE 8SM,35.57
291633,130,52,6,262,SIM,PROSPECT,M,1975-12-22,ACIMA DE 25SM,45.99
89042,35,26,18,0,NAO,PROSPECT,M,1966-05-03,DE 2SM ATE 3SM,55.64
311797,10,1,1,0,NAO,PROSPECT,F,1989-08-26,DE 14SM ATE 25SM,32.31
143980,0,11,1,48,SIM,PROSPECT,F,1943-09-14,DE 8SM ATE 14SM,78.29
339814,32,6,6,0,NAO,PROSPECT,M,1981-09-21,DE 4SM ATE 8SM,40.24
286408,0,3,5,0,NAO,PROSPECT,F,1976-09-24,DE 3SM ATE 4SM,45.23
10764,2,20,20,0,NAO,PROSPECT,M,1982-02-28,DE 8SM ATE 14SM,39.80
125906,0,2,1,0,NAO,PROSPECT,M,1980-07-23,DE 4SM ATE 8SM,41.40
170203,40,45,0,123,SIM,PROSPECT,M,1981-08-31,DE 4SM ATE 8SM,40.30
343789,0,3,6,0,NAO,PROSPECT,F,1962-12-19,DE 2SM ATE 3SM,59.01
83911,0,44,8,0,NAO,PROSPECT,M,1976-05-25,DE 4SM ATE 8SM,45.57
226186,0,1,0,0,NAO,PROSPECT,M,1991-06-28,DE 8SM ATE 14SM,30.47
1596,0,2,1,0,NAO,PROSPECT,M,1959-04-23,DE 4SM ATE 8SM,62.67
230682,0,1,2,0,NAO,PROSPECT,F,1993-07-14,DE 8SM ATE 14SM,28.42
49489,16,15,0,48,SIM,PROSPECT,M,1975-10-04,DE 3SM ATE 4SM,46.21
242295,0,6,7,0,NAO,PROSPECT,M,1985-05-18,DE 4SM ATE 8SM,36.58
123353,7,34,0,107,SIM,PROSPECT,M,1962-04-11,DE 8SM ATE 14SM,59.70
204019,0,5,2,5,SIM,PROSPECT,M,1987-04-11,DE 8SM ATE 14SM,34.68
195701,0,24,5,0,NAO,PROSPECT,F,1964-06-08,DE 2SM ATE 3SM,57.54
78504,0,1,0,0,NAO,PROSPECT,F,1982-09-04,DE 8SM ATE 14SM,39.29
53297,0,1,2,0,NAO,PROSPECT,F,1978-02-21,DE 3SM ATE 4SM,43.82
279099,24,17,0,90,SIM,PROSPECT,M,1981-10-09,DE 8SM ATE 14SM,40.19
243250,0,1,0,0,NAO,PROSPECT,M,1970-12-26,DE 8SM ATE 14SM,50.98
251137,0,5,5,0,NAO,PROSPECT,M,1993-07-22,DE 14SM ATE 25SM,28.40
50554,0,37,106,137,SIM,PROSPECT,M,1990-11-29,DE 4SM ATE 8SM,31.04
354808,2,55,16,1299,SIM,PROSPECT,M,1973-04-15,DE 3SM ATE 4SM,48.68
324207,32,14,0,102,SIM,PROSPECT,F,2000-01-01,DE 3SM ATE 4SM,21.95
151263,0,58,301,45,SIM,PROSPECT,M,1986-04-09,DE 14SM ATE 25SM,35.69
274649,0,1,1,0,NAO,PROSPECT,F,1987-01-22,DE 4SM ATE 8SM,34.90
81994,0,3,3,0,NAO,PROSPECT,F,1960-12-19,DE 3SM ATE 4SM,61.01
338341,0,43,251,20,SIM,PROSPECT,F,1960-10-22,DE 3SM ATE 4SM,61.17
144514,0,42,15,0,NAO,PROSPECT,M,1982-08-10,DE 8SM ATE 14SM,39.35
350797,0,3,4,0,NAO,PROSPECT,F,1976-05-23,DE 8SM ATE 14SM,45.57
153905,1,8,6,0,NAO,PROSPECT,M,1983-06-23,DE 3SM ATE 4SM,38.49
360435,6,11,10,7,NAO,PROSPECT,F,1962-05-15,DE 8SM ATE 14SM,59.61
236006,0,1,1,0,NAO,PROSPECT,F,1986-01-31,DE 3SM ATE 4SM,35.87
173990,37,41,0,171,SIM,PROSPECT,I,1963-10-28,DE 3SM ATE 4SM,58.15
51596,0,20,8,0,NAO,PROSPECT,M,2000-01-01,DE 4SM ATE 8SM,21.95
212127,5,10,8,0,NAO,PROSPECT,F,1984-02-21,DE 8SM ATE 14SM,37.82
13274,0,38,29,104,SIM,PROSPECT,F,1978-12-26,DE 3SM ATE 4SM,42.98
203066,5,26,0,41,SIM,PROSPECT,I,1983-05-13,DE 4SM ATE 8SM,38.60
126486,0,1,1,0,NAO,PROSPECT,M,1952-05-09,DE 3SM ATE 4SM,69.63
287634,1,18,19,5,NAO,PROSPECT,F,1992-07-03,DE 3SM ATE 4SM,29.45
31738,10,22,39,0,NAO,PROSPECT,F,1968-12-24,DE 14SM ATE 25SM,52.99
334273,0,11,12,0,NAO,PROSPECT,M,1990-03-13,DE 4SM ATE 8SM,31.76
366916,0,1,0,0,NAO,PROSPECT,F,1970-02-28,DE 8SM ATE 14SM,51.81
99697,57,39,24,401,SIM,PROSPECT,F,1935-11-25,DE 3SM ATE 4SM,86.09
330740,0,1,0,0,NAO,PROSPECT,M,1966-10-05,DE 4SM ATE 8SM,55.21
200926,4,2,3,0,NAO,PROSPECT,M,1987-03-08,DE 14SM ATE 25SM,34.78
62402,4,30,46,0,NAO,PROSPECT,F,1960-05-26,DE 3SM ATE 4SM,61.58
224423,0,1,2,2,NAO,PROSPECT,F,1979-11-21,DE 3SM ATE 4SM,42.07
201443,0,2,2,0,NAO,PROSPECT,M,1985-06-17,DE 4SM ATE 8SM,36.50
74632,10,5,3,0,NAO,PROSPECT,M,1978-06-28,DE 3SM ATE 4SM,43.47
250603,0,8,4,0,NAO,PROSPECT,F,1986-01-14,DE 4SM ATE 8SM,35.92
149805,0,11,11,0,NAO,PROSPECT,F,1981-08-01,DE 4SM ATE 8SM,40.38
27428,0,1,0,3,SIM,PROSPECT,M,1978-02-06,DE 3SM ATE 4SM,43.86
168559,0,32,64,16,SIM,PROSPECT,F,1985-06-03,DE 4SM ATE 8SM,36.54
37055,4,6,6,7,NAO,PROSPECT,F,1981-06-09,DE 14SM ATE 25SM,40.52
329132,0,1,4,0,NAO,PROSPECT,I,1987-05-02,DE 8SM ATE 14SM,34.63
337152,2,13,1,47,SIM,PROSPECT,M,1952-07-01,DE 4SM ATE 8SM,69.48
351263,0,32,105,125,SIM,PROSPECT,M,1960-02-17,DE 4SM ATE 8SM,61.85
195009,0,2,0,0,NAO,PROSPECT,M,1991-04-14,DE 3SM ATE 4SM,30.67
216964,0,1,7,1,NAO,PROSPECT,F,1977-04-12,DE 3SM ATE 4SM,44.69
268274,0,2,4,0,NAO,PROSPECT,M,1982-01-06,DE 8SM ATE 14SM,39.95
25461,5,6,2,0,NAO,PROSPECT,M,1978-01-01,DE 4SM ATE 8SM,43.96
111020,21,25,57,0,NAO,PROSPECT,M,1977-10-07,DE 3SM ATE 4SM,44.20
59372,7,23,34,0,NAO,PROSPECT,M,1988-01-23,DE 4SM ATE 8SM,33.90
24366,0,7,7,0,NAO,PROSPECT,M,1995-08-21,DE 3SM ATE 4SM,26.32
171569,1,60,662,985,SIM,PROSPECT,M,1948-05-22,DE 4SM ATE 8SM,73.60
339302,0,2,0,0,NAO,PROSPECT,M,1983-03-27,DE 4SM ATE 8SM,38.73
147692,146,14,0,53,SIM,PROSPECT,M,1986-10-29,DE 14SM ATE 25SM,35.13
132564,0,42,2,163,SIM,PROSPECT,M,1983-12-29,DE 4SM ATE 8SM,37.97
272057,0,3,3,0,NAO,PROSPECT,F,1938-08-18,DE 14SM ATE 25SM,83.36
142232,0,57,176,142,NAO,PROSPECT,F,1963-02-09,DE 4SM ATE 8SM,58.87
225930,1,39,42,40,SIM,PROSPECT,M,1992-01-01,DE 14SM ATE 25SM,29.95
128411,0,14,4,0,NAO,PROSPECT,M,2000-01-01,DE 8SM ATE 14SM,21.95
367732,0,31,8,0,NAO,PROSPECT,F,1986-11-25,DE 4SM ATE 8SM,35.06
211363,48,19,17,3,NAO,PROSPECT,F,1975-04-17,DE 3SM ATE 4SM,46.67
47875,0,30,40,87,SIM,PROSPECT,F,1997-03-04,DE 4SM ATE 8SM,24.78
345905,0,4,5,0,NAO,PROSPECT,M,1958-02-01,DE 3SM ATE 4SM,63.89
20412,0,2,2,1,NAO,PROSPECT,F,1987-03-03,DE 8SM ATE 14SM,34.79
274853,0,1,3,0,NAO,PROSPECT,M,1960-08-16,DE 3SM ATE 4SM,61.35
177216,0,6,3,0,NAO,PROSPECT,F,1996-12-05,DE 4SM ATE 8SM,25.02
82617,3,2,3,1,NAO,PROSPECT,F,1953-03-05,DE 3SM ATE 4SM,68.81
255568,0,1,1,0,NAO,PROSPECT,F,1940-03-13,DE 4SM ATE 8SM,81.79